"family","Count","MonthYear","Temp","Year","Month","Precip"
"CANTHARIDAE",0,"1.1992",2.4,1992,1,34
"CANTHARIDAE",0,"2.1992",3.5,1992,2,38
"CANTHARIDAE",0,"3.1992",4.7,1992,3,56
"CANTHARIDAE",0,"4.1992",7.1,1992,4,54
"CANTHARIDAE",0,"5.1992",13.8,1992,5,18
"CANTHARIDAE",3,"6.1992",18.5,1992,6,1
"CANTHARIDAE",2,"7.1992",19.1,1992,7,51
"CANTHARIDAE",0,"8.1992",17.7,1992,8,104
"CANTHARIDAE",0,"9.1992",13.7,1992,9,37
"CANTHARIDAE",0,"10.1992",7.1,1992,10,67
"CANTHARIDAE",0,"11.1992",4.6,1992,11,96
"CANTHARIDAE",0,"12.1992",2.9,1992,12,42
"CANTHARIDAE",0,"1.1993",2.1,1993,1,74
"CANTHARIDAE",0,"2.1993",1.6,1993,2,27
"CANTHARIDAE",0,"3.1993",3.4,1993,3,16
"CANTHARIDAE",0,"4.1993",8.3,1993,4,15
"CANTHARIDAE",2,"5.1993",14.2,1993,5,23
"CANTHARIDAE",2,"6.1993",15.2,1993,6,34
"CANTHARIDAE",3,"7.1993",15.8,1993,7,114
"CANTHARIDAE",0,"8.1993",15.2,1993,8,64
"CANTHARIDAE",0,"9.1993",11.7,1993,9,95
"CANTHARIDAE",0,"10.1993",8.1,1993,10,66
"CANTHARIDAE",0,"11.1993",1.9,1993,11,40
"CANTHARIDAE",0,"12.1993",2.9,1993,12,91
"CANTHARIDAE",0,"1.1994",2.9,1994,1,84
"CANTHARIDAE",0,"2.1994",-0.9,1994,2,46
"CANTHARIDAE",0,"3.1994",3.8,1994,3,79
"CANTHARIDAE",0,"4.1994",8.3,1994,4,41
"CANTHARIDAE",3,"5.1994",11.7,1994,5,30
"CANTHARIDAE",2,"6.1994",14.5,1994,6,61
"CANTHARIDAE",10,"7.1994",20.6,1994,7,4
"CANTHARIDAE",0,"8.1994",18.3,1994,8,84
"CANTHARIDAE",0,"9.1994",13.7,1994,9,143
"CANTHARIDAE",0,"10.1994",8.5,1994,10,48
"CANTHARIDAE",0,"11.1994",6,1994,11,49
"CANTHARIDAE",0,"12.1994",4.4,1994,12,95
"CANTHARIDAE",0,"1.1995",0.6,1995,1,84
"CANTHARIDAE",0,"2.1995",4,1995,2,68
"CANTHARIDAE",0,"3.1995",3.5,1995,3,37
"CANTHARIDAE",0,"4.1995",7,1995,4,53
"CANTHARIDAE",2,"5.1995",11.3,1995,5,53
"CANTHARIDAE",15,"6.1995",15.4,1995,6,53
"CANTHARIDAE",96,"7.1995",18.7,1995,7,40
"CANTHARIDAE",4,"8.1995",19.3,1995,8,24
"CANTHARIDAE",0,"9.1995",13.9,1995,9,89
"CANTHARIDAE",0,"10.1995",12.2,1995,10,40
"CANTHARIDAE",0,"11.1995",3,1995,11,42
"CANTHARIDAE",0,"12.1995",-1.4,1995,12,22
"CANTHARIDAE",0,"1.1996",-1.6,1996,1,7
"CANTHARIDAE",0,"2.1996",-2.7,1996,2,28
"CANTHARIDAE",0,"3.1996",0.3,1996,3,13
"CANTHARIDAE",0,"4.1996",7.6,1996,4,18
"CANTHARIDAE",0,"5.1996",9.8,1996,5,90
"CANTHARIDAE",2,"6.1996",15,1996,6,36
"CANTHARIDAE",11,"7.1996",15.9,1996,7,57
"CANTHARIDAE",2,"8.1996",18.7,1996,8,43
"CANTHARIDAE",0,"9.1996",12.3,1996,9,55
"CANTHARIDAE",0,"10.1996",10.3,1996,10,42
"CANTHARIDAE",0,"11.1996",4.9,1996,11,69
"CANTHARIDAE",0,"12.1996",-0.5,1996,12,28
"CANTHARIDAE",0,"1.1997",-1.2,1997,1,5
"CANTHARIDAE",0,"2.1997",3.2,1997,2,61
"CANTHARIDAE",0,"3.1997",4.1,1997,3,20
"CANTHARIDAE",0,"4.1997",6.3,1997,4,30
"CANTHARIDAE",3,"5.1997",10.8,1997,5,73
"CANTHARIDAE",1,"6.1997",16.2,1997,6,51
"CANTHARIDAE",18,"7.1997",18.7,1997,7,55
"CANTHARIDAE",2,"8.1997",20.6,1997,8,25
"CANTHARIDAE",0,"9.1997",14.8,1997,9,41
"CANTHARIDAE",0,"10.1997",8.4,1997,10,69
"CANTHARIDAE",0,"11.1997",3.9,1997,11,44
"CANTHARIDAE",0,"12.1997",2.7,1997,12,52
"CANTHARIDAE",0,"1.1998",2.9,1998,1,49
"CANTHARIDAE",0,"2.1998",5.1,1998,2,51
"CANTHARIDAE",0,"3.1998",3.7,1998,3,48
"CANTHARIDAE",0,"4.1998",7.7,1998,4,60
"CANTHARIDAE",5,"5.1998",13,1998,5,33
"CANTHARIDAE",5,"6.1998",15.4,1998,6,85
"CANTHARIDAE",6,"7.1998",15.9,1998,7,97
"CANTHARIDAE",0,"8.1998",15.7,1998,8,58
"CANTHARIDAE",0,"9.1998",14.3,1998,9,70
"CANTHARIDAE",0,"10.1998",9.3,1998,10,118
"CANTHARIDAE",0,"11.1998",1.5,1998,11,43
"CANTHARIDAE",0,"12.1998",1.2,1998,12,59
"CANTHARIDAE",0,"1.1999",2.2,1999,1,64
"CANTHARIDAE",0,"2.1999",1,1999,2,48
"CANTHARIDAE",0,"3.1999",4.1,1999,3,45
"CANTHARIDAE",0,"4.1999",8.4,1999,4,52
"CANTHARIDAE",7,"5.1999",11.6,1999,5,57
"CANTHARIDAE",11,"6.1999",15.7,1999,6,106
"CANTHARIDAE",22,"7.1999",19,1999,7,40
"CANTHARIDAE",0,"8.1999",17.7,1999,8,109
"CANTHARIDAE",0,"9.1999",16.8,1999,9,51
"CANTHARIDAE",0,"10.1999",9.8,1999,10,55
"CANTHARIDAE",0,"11.1999",5.3,1999,11,29
"CANTHARIDAE",0,"12.1999",2.8,1999,12,112
"CANTHARIDAE",0,"1.2000",2.6,2000,1,44
"CANTHARIDAE",0,"2.2000",3.9,2000,2,44
"CANTHARIDAE",0,"3.2000",4.2,2000,3,55
"CANTHARIDAE",0,"4.2000",9.5,2000,4,44
"CANTHARIDAE",8,"5.2000",13.9,2000,5,35
"CANTHARIDAE",23,"6.2000",15.5,2000,6,81
"CANTHARIDAE",3,"7.2000",16.4,2000,7,39
"CANTHARIDAE",0,"8.2000",16.6,2000,8,47
"CANTHARIDAE",0,"9.2000",13.7,2000,9,67
"CANTHARIDAE",0,"10.2000",12.1,2000,10,61
"CANTHARIDAE",0,"11.2000",7.1,2000,11,67
"CANTHARIDAE",0,"12.2000",4.3,2000,12,58
"CANTHARIDAE",0,"1.2001",1.8,2001,1,39
"CANTHARIDAE",0,"2.2001",1,2001,2,40
"CANTHARIDAE",0,"3.2001",1.9,2001,3,28
"CANTHARIDAE",0,"4.2001",6.6,2001,4,55
"CANTHARIDAE",9,"5.2001",12.8,2001,5,27
"CANTHARIDAE",6,"6.2001",14.6,2001,6,61
"CANTHARIDAE",40,"7.2001",19,2001,7,37
"CANTHARIDAE",0,"8.2001",18,2001,8,102
"CANTHARIDAE",0,"9.2001",13.3,2001,9,117
"CANTHARIDAE",0,"10.2001",12.4,2001,10,42
"CANTHARIDAE",0,"11.2001",4.9,2001,11,46
"CANTHARIDAE",0,"12.2001",0.9,2001,12,49
"CANTHARIDAE",0,"1.2002",2.7,2002,1,68
"CANTHARIDAE",0,"2.2002",4.7,2002,2,82
"CANTHARIDAE",0,"3.2002",4.9,2002,3,29
"CANTHARIDAE",0,"4.2002",7.8,2002,4,31
"CANTHARIDAE",7,"5.2002",13.7,2002,5,53
"CANTHARIDAE",5,"6.2002",17,2002,6,78
"CANTHARIDAE",12,"7.2002",18.5,2002,7,89
"CANTHARIDAE",0,"8.2002",20.3,2002,8,65
"CANTHARIDAE",0,"9.2002",15.6,2002,9,36
"CANTHARIDAE",0,"10.2002",7.9,2002,10,111
"CANTHARIDAE",0,"11.2002",3.9,2002,11,66
"CANTHARIDAE",0,"12.2002",-0.1,2002,12,26
"CANTHARIDAE",0,"1.2003",0.2,2003,1,42
"CANTHARIDAE",0,"2.2003",-1.2,2003,2,10
"CANTHARIDAE",0,"3.2003",3.4,2003,3,10
"CANTHARIDAE",0,"4.2003",7.4,2003,4,42
"CANTHARIDAE",3,"5.2003",13,2003,5,57
"CANTHARIDAE",11,"6.2003",17.3,2003,6,49
"CANTHARIDAE",10,"7.2003",19.2,2003,7,86
"CANTHARIDAE",1,"8.2003",18.9,2003,8,43
"CANTHARIDAE",0,"9.2003",14.9,2003,9,45
"CANTHARIDAE",0,"10.2003",7.3,2003,10,48
"CANTHARIDAE",0,"11.2003",6.1,2003,11,44
"CANTHARIDAE",0,"12.2003",4,2003,12,52
"CANTHARIDAE",0,"1.2004",-0.6,2004,1,61
"CANTHARIDAE",0,"2.2004",2.1,2004,2,36
"CANTHARIDAE",0,"3.2004",4.1,2004,3,35
"CANTHARIDAE",0,"4.2004",8.7,2004,4,31
"CANTHARIDAE",3,"5.2004",12.5,2004,5,30
"CANTHARIDAE",3,"6.2004",14.9,2004,6,68
"CANTHARIDAE",3,"7.2004",16.3,2004,7,113
"CANTHARIDAE",2,"8.2004",18.7,2004,8,85
"CANTHARIDAE",0,"9.2004",14.6,2004,9,49
"CANTHARIDAE",0,"10.2004",10.1,2004,10,79
"CANTHARIDAE",0,"11.2004",4.8,2004,11,48
"CANTHARIDAE",0,"12.2004",4,2004,12,53
"CANTHARIDAE",0,"1.2005",3.4,2005,1,45
"CANTHARIDAE",0,"2.2005",0.4,2005,2,45
"CANTHARIDAE",0,"3.2005",1.6,2005,3,36
"CANTHARIDAE",0,"4.2005",8.1,2005,4,14
"CANTHARIDAE",8,"5.2005",12.2,2005,5,46
"CANTHARIDAE",15,"6.2005",15.4,2005,6,45
"CANTHARIDAE",83,"7.2005",18.7,2005,7,82
"CANTHARIDAE",0,"8.2005",16.6,2005,8,61
"CANTHARIDAE",0,"9.2005",15.4,2005,9,27
"CANTHARIDAE",0,"10.2005",11.6,2005,10,50
"CANTHARIDAE",0,"11.2005",5.6,2005,11,40
"CANTHARIDAE",0,"12.2005",2.5,2005,12,57
"CANTHARIDAE",0,"1.2006",-1.4,2006,1,20
"CANTHARIDAE",0,"2.2006",0.4,2006,2,45
"CANTHARIDAE",0,"3.2006",0.2,2006,3,39
"CANTHARIDAE",0,"4.2006",6.9,2006,4,45
"CANTHARIDAE",0,"5.2006",12.3,2006,5,66
"CANTHARIDAE",18,"6.2006",16.7,2006,6,30
"CANTHARIDAE",52,"7.2006",21.2,2006,7,23
"CANTHARIDAE",0,"8.2006",18.2,2006,8,156
"CANTHARIDAE",0,"9.2006",16.8,2006,9,35
"CANTHARIDAE",0,"10.2006",12.9,2006,10,77
"CANTHARIDAE",0,"11.2006",7.5,2006,11,70
"CANTHARIDAE",0,"12.2006",6.9,2006,12,60
"CANTHARIDAE",0,"1.2007",5,2007,1,92
"CANTHARIDAE",0,"2.2007",2.3,2007,2,59
"CANTHARIDAE",0,"3.2007",6.3,2007,3,34
"CANTHARIDAE",0,"4.2007",9.6,2007,4,11
"CANTHARIDAE",7,"5.2007",13.2,2007,5,61
"CANTHARIDAE",18,"6.2007",17.4,2007,6,110
"CANTHARIDAE",4,"7.2007",17.2,2007,7,144
"CANTHARIDAE",0,"8.2007",17.8,2007,8,69
"CANTHARIDAE",0,"9.2007",13.7,2007,9,72
"CANTHARIDAE",0,"10.2007",9.4,2007,10,30
"CANTHARIDAE",0,"11.2007",4.7,2007,11,37
"CANTHARIDAE",0,"12.2007",3.8,2007,12,54
"CANTHARIDAE",0,"1.2008",3.9,2008,1,61
"CANTHARIDAE",0,"2.2008",4.9,2008,2,30
"CANTHARIDAE",0,"3.2008",4.3,2008,3,59
"CANTHARIDAE",0,"4.2008",8.1,2008,4,47
"CANTHARIDAE",10,"5.2008",13.9,2008,5,23
"CANTHARIDAE",5,"6.2008",16.6,2008,6,33
"CANTHARIDAE",7,"7.2008",18.7,2008,7,56
"CANTHARIDAE",0,"8.2008",17.8,2008,8,128
"CANTHARIDAE",0,"9.2008",14,2008,9,52
"CANTHARIDAE",0,"10.2008",10.4,2008,10,76
"CANTHARIDAE",0,"11.2008",5.7,2008,11,56
"CANTHARIDAE",0,"12.2008",3,2008,12,50
"CANTHARIDAE",0,"1.2009",0.9,2009,1,28
"CANTHARIDAE",0,"2.2009",0.8,2009,2,38
"CANTHARIDAE",0,"3.2009",4,2009,3,39
"CANTHARIDAE",0,"4.2009",9.8,2009,4,6
"CANTHARIDAE",7,"5.2009",12.8,2009,5,58
"CANTHARIDAE",0,"6.2009",15,2009,6,68
"CANTHARIDAE",14,"7.2009",18.8,2009,7,83
"CANTHARIDAE",0,"8.2009",18.5,2009,8,45
"CANTHARIDAE",0,"9.2009",15.3,2009,9,41
"CANTHARIDAE",0,"10.2009",8.4,2009,10,70
"CANTHARIDAE",0,"11.2009",6.6,2009,11,89
"CANTHARIDAE",0,"12.2009",1,2009,12,49
"CARABIDAE",0,"1.1992",2.4,1992,1,34
"CARABIDAE",0,"2.1992",3.5,1992,2,38
"CARABIDAE",0,"3.1992",4.7,1992,3,56
"CARABIDAE",0,"4.1992",7.1,1992,4,54
"CARABIDAE",0,"5.1992",13.8,1992,5,18
"CARABIDAE",6,"6.1992",18.5,1992,6,1
"CARABIDAE",323,"7.1992",19.1,1992,7,51
"CARABIDAE",139,"8.1992",17.7,1992,8,104
"CARABIDAE",5,"9.1992",13.7,1992,9,37
"CARABIDAE",0,"10.1992",7.1,1992,10,67
"CARABIDAE",0,"11.1992",4.6,1992,11,96
"CARABIDAE",0,"12.1992",2.9,1992,12,42
"CARABIDAE",0,"1.1993",2.1,1993,1,74
"CARABIDAE",0,"2.1993",1.6,1993,2,27
"CARABIDAE",0,"3.1993",3.4,1993,3,16
"CARABIDAE",0,"4.1993",8.3,1993,4,15
"CARABIDAE",1,"5.1993",14.2,1993,5,23
"CARABIDAE",0,"6.1993",15.2,1993,6,34
"CARABIDAE",4,"7.1993",15.8,1993,7,114
"CARABIDAE",1,"8.1993",15.2,1993,8,64
"CARABIDAE",6,"9.1993",11.7,1993,9,95
"CARABIDAE",1,"10.1993",8.1,1993,10,66
"CARABIDAE",0,"11.1993",1.9,1993,11,40
"CARABIDAE",0,"12.1993",2.9,1993,12,91
"CARABIDAE",0,"1.1994",2.9,1994,1,84
"CARABIDAE",0,"2.1994",-0.9,1994,2,46
"CARABIDAE",0,"3.1994",3.8,1994,3,79
"CARABIDAE",0,"4.1994",8.3,1994,4,41
"CARABIDAE",0,"5.1994",11.7,1994,5,30
"CARABIDAE",5,"6.1994",14.5,1994,6,61
"CARABIDAE",135,"7.1994",20.6,1994,7,4
"CARABIDAE",265,"8.1994",18.3,1994,8,84
"CARABIDAE",20,"9.1994",13.7,1994,9,143
"CARABIDAE",0,"10.1994",8.5,1994,10,48
"CARABIDAE",0,"11.1994",6,1994,11,49
"CARABIDAE",0,"12.1994",4.4,1994,12,95
"CARABIDAE",0,"1.1995",0.6,1995,1,84
"CARABIDAE",0,"2.1995",4,1995,2,68
"CARABIDAE",0,"3.1995",3.5,1995,3,37
"CARABIDAE",0,"4.1995",7,1995,4,53
"CARABIDAE",0,"5.1995",11.3,1995,5,53
"CARABIDAE",22,"6.1995",15.4,1995,6,53
"CARABIDAE",447,"7.1995",18.7,1995,7,40
"CARABIDAE",377,"8.1995",19.3,1995,8,24
"CARABIDAE",39,"9.1995",13.9,1995,9,89
"CARABIDAE",5,"10.1995",12.2,1995,10,40
"CARABIDAE",0,"11.1995",3,1995,11,42
"CARABIDAE",0,"12.1995",-1.4,1995,12,22
"CARABIDAE",0,"1.1996",-1.6,1996,1,7
"CARABIDAE",0,"2.1996",-2.7,1996,2,28
"CARABIDAE",0,"3.1996",0.3,1996,3,13
"CARABIDAE",0,"4.1996",7.6,1996,4,18
"CARABIDAE",0,"5.1996",9.8,1996,5,90
"CARABIDAE",0,"6.1996",15,1996,6,36
"CARABIDAE",75,"7.1996",15.9,1996,7,57
"CARABIDAE",621,"8.1996",18.7,1996,8,43
"CARABIDAE",13,"9.1996",12.3,1996,9,55
"CARABIDAE",1,"10.1996",10.3,1996,10,42
"CARABIDAE",0,"11.1996",4.9,1996,11,69
"CARABIDAE",0,"12.1996",-0.5,1996,12,28
"CARABIDAE",0,"1.1997",-1.2,1997,1,5
"CARABIDAE",0,"2.1997",3.2,1997,2,61
"CARABIDAE",0,"3.1997",4.1,1997,3,20
"CARABIDAE",0,"4.1997",6.3,1997,4,30
"CARABIDAE",2,"5.1997",10.8,1997,5,73
"CARABIDAE",1,"6.1997",16.2,1997,6,51
"CARABIDAE",221,"7.1997",18.7,1997,7,55
"CARABIDAE",722,"8.1997",20.6,1997,8,25
"CARABIDAE",59,"9.1997",14.8,1997,9,41
"CARABIDAE",1,"10.1997",8.4,1997,10,69
"CARABIDAE",0,"11.1997",3.9,1997,11,44
"CARABIDAE",0,"12.1997",2.7,1997,12,52
"CARABIDAE",0,"1.1998",2.9,1998,1,49
"CARABIDAE",0,"2.1998",5.1,1998,2,51
"CARABIDAE",0,"3.1998",3.7,1998,3,48
"CARABIDAE",0,"4.1998",7.7,1998,4,60
"CARABIDAE",1,"5.1998",13,1998,5,33
"CARABIDAE",2,"6.1998",15.4,1998,6,85
"CARABIDAE",784,"7.1998",15.9,1998,7,97
"CARABIDAE",114,"8.1998",15.7,1998,8,58
"CARABIDAE",1,"9.1998",14.3,1998,9,70
"CARABIDAE",0,"10.1998",9.3,1998,10,118
"CARABIDAE",0,"11.1998",1.5,1998,11,43
"CARABIDAE",0,"12.1998",1.2,1998,12,59
"CARABIDAE",0,"1.1999",2.2,1999,1,64
"CARABIDAE",0,"2.1999",1,1999,2,48
"CARABIDAE",0,"3.1999",4.1,1999,3,45
"CARABIDAE",0,"4.1999",8.4,1999,4,52
"CARABIDAE",0,"5.1999",11.6,1999,5,57
"CARABIDAE",3,"6.1999",15.7,1999,6,106
"CARABIDAE",83,"7.1999",19,1999,7,40
"CARABIDAE",195,"8.1999",17.7,1999,8,109
"CARABIDAE",26,"9.1999",16.8,1999,9,51
"CARABIDAE",0,"10.1999",9.8,1999,10,55
"CARABIDAE",0,"11.1999",5.3,1999,11,29
"CARABIDAE",0,"12.1999",2.8,1999,12,112
"CARABIDAE",0,"1.2000",2.6,2000,1,44
"CARABIDAE",0,"2.2000",3.9,2000,2,44
"CARABIDAE",0,"3.2000",4.2,2000,3,55
"CARABIDAE",0,"4.2000",9.5,2000,4,44
"CARABIDAE",9,"5.2000",13.9,2000,5,35
"CARABIDAE",48,"6.2000",15.5,2000,6,81
"CARABIDAE",297,"7.2000",16.4,2000,7,39
"CARABIDAE",116,"8.2000",16.6,2000,8,47
"CARABIDAE",11,"9.2000",13.7,2000,9,67
"CARABIDAE",0,"10.2000",12.1,2000,10,61
"CARABIDAE",0,"11.2000",7.1,2000,11,67
"CARABIDAE",0,"12.2000",4.3,2000,12,58
"CARABIDAE",0,"1.2001",1.8,2001,1,39
"CARABIDAE",0,"2.2001",1,2001,2,40
"CARABIDAE",0,"3.2001",1.9,2001,3,28
"CARABIDAE",0,"4.2001",6.6,2001,4,55
"CARABIDAE",0,"5.2001",12.8,2001,5,27
"CARABIDAE",15,"6.2001",14.6,2001,6,61
"CARABIDAE",269,"7.2001",19,2001,7,37
"CARABIDAE",889,"8.2001",18,2001,8,102
"CARABIDAE",3,"9.2001",13.3,2001,9,117
"CARABIDAE",0,"10.2001",12.4,2001,10,42
"CARABIDAE",0,"11.2001",4.9,2001,11,46
"CARABIDAE",0,"12.2001",0.9,2001,12,49
"CARABIDAE",0,"1.2002",2.7,2002,1,68
"CARABIDAE",0,"2.2002",4.7,2002,2,82
"CARABIDAE",0,"3.2002",4.9,2002,3,29
"CARABIDAE",0,"4.2002",7.8,2002,4,31
"CARABIDAE",0,"5.2002",13.7,2002,5,53
"CARABIDAE",2,"6.2002",17,2002,6,78
"CARABIDAE",350,"7.2002",18.5,2002,7,89
"CARABIDAE",590,"8.2002",20.3,2002,8,65
"CARABIDAE",1,"9.2002",15.6,2002,9,36
"CARABIDAE",0,"10.2002",7.9,2002,10,111
"CARABIDAE",0,"11.2002",3.9,2002,11,66
"CARABIDAE",0,"12.2002",-0.1,2002,12,26
"CARABIDAE",0,"1.2003",0.2,2003,1,42
"CARABIDAE",0,"2.2003",-1.2,2003,2,10
"CARABIDAE",0,"3.2003",3.4,2003,3,10
"CARABIDAE",0,"4.2003",7.4,2003,4,42
"CARABIDAE",2,"5.2003",13,2003,5,57
"CARABIDAE",8,"6.2003",17.3,2003,6,49
"CARABIDAE",331,"7.2003",19.2,2003,7,86
"CARABIDAE",164,"8.2003",18.9,2003,8,43
"CARABIDAE",1,"9.2003",14.9,2003,9,45
"CARABIDAE",1,"10.2003",7.3,2003,10,48
"CARABIDAE",0,"11.2003",6.1,2003,11,44
"CARABIDAE",0,"12.2003",4,2003,12,52
"CARABIDAE",0,"1.2004",-0.6,2004,1,61
"CARABIDAE",0,"2.2004",2.1,2004,2,36
"CARABIDAE",0,"3.2004",4.1,2004,3,35
"CARABIDAE",0,"4.2004",8.7,2004,4,31
"CARABIDAE",0,"5.2004",12.5,2004,5,30
"CARABIDAE",0,"6.2004",14.9,2004,6,68
"CARABIDAE",1105,"7.2004",16.3,2004,7,113
"CARABIDAE",123,"8.2004",18.7,2004,8,85
"CARABIDAE",13,"9.2004",14.6,2004,9,49
"CARABIDAE",0,"10.2004",10.1,2004,10,79
"CARABIDAE",0,"11.2004",4.8,2004,11,48
"CARABIDAE",0,"12.2004",4,2004,12,53
"CARABIDAE",0,"1.2005",3.4,2005,1,45
"CARABIDAE",0,"2.2005",0.4,2005,2,45
"CARABIDAE",0,"3.2005",1.6,2005,3,36
"CARABIDAE",0,"4.2005",8.1,2005,4,14
"CARABIDAE",1,"5.2005",12.2,2005,5,46
"CARABIDAE",6,"6.2005",15.4,2005,6,45
"CARABIDAE",124,"7.2005",18.7,2005,7,82
"CARABIDAE",410,"8.2005",16.6,2005,8,61
"CARABIDAE",22,"9.2005",15.4,2005,9,27
"CARABIDAE",0,"10.2005",11.6,2005,10,50
"CARABIDAE",0,"11.2005",5.6,2005,11,40
"CARABIDAE",0,"12.2005",2.5,2005,12,57
"CARABIDAE",0,"1.2006",-1.4,2006,1,20
"CARABIDAE",0,"2.2006",0.4,2006,2,45
"CARABIDAE",0,"3.2006",0.2,2006,3,39
"CARABIDAE",1,"4.2006",6.9,2006,4,45
"CARABIDAE",0,"5.2006",12.3,2006,5,66
"CARABIDAE",4,"6.2006",16.7,2006,6,30
"CARABIDAE",421,"7.2006",21.2,2006,7,23
"CARABIDAE",565,"8.2006",18.2,2006,8,156
"CARABIDAE",15,"9.2006",16.8,2006,9,35
"CARABIDAE",0,"10.2006",12.9,2006,10,77
"CARABIDAE",0,"11.2006",7.5,2006,11,70
"CARABIDAE",0,"12.2006",6.9,2006,12,60
"CARABIDAE",0,"1.2007",5,2007,1,92
"CARABIDAE",0,"2.2007",2.3,2007,2,59
"CARABIDAE",0,"3.2007",6.3,2007,3,34
"CARABIDAE",0,"4.2007",9.6,2007,4,11
"CARABIDAE",1,"5.2007",13.2,2007,5,61
"CARABIDAE",38,"6.2007",17.4,2007,6,110
"CARABIDAE",21,"7.2007",17.2,2007,7,144
"CARABIDAE",611,"8.2007",17.8,2007,8,69
"CARABIDAE",4,"9.2007",13.7,2007,9,72
"CARABIDAE",0,"10.2007",9.4,2007,10,30
"CARABIDAE",0,"11.2007",4.7,2007,11,37
"CARABIDAE",0,"12.2007",3.8,2007,12,54
"CARABIDAE",0,"1.2008",3.9,2008,1,61
"CARABIDAE",0,"2.2008",4.9,2008,2,30
"CARABIDAE",0,"3.2008",4.3,2008,3,59
"CARABIDAE",0,"4.2008",8.1,2008,4,47
"CARABIDAE",2,"5.2008",13.9,2008,5,23
"CARABIDAE",1,"6.2008",16.6,2008,6,33
"CARABIDAE",382,"7.2008",18.7,2008,7,56
"CARABIDAE",366,"8.2008",17.8,2008,8,128
"CARABIDAE",27,"9.2008",14,2008,9,52
"CARABIDAE",0,"10.2008",10.4,2008,10,76
"CARABIDAE",0,"11.2008",5.7,2008,11,56
"CARABIDAE",0,"12.2008",3,2008,12,50
"CARABIDAE",0,"1.2009",0.9,2009,1,28
"CARABIDAE",0,"2.2009",0.8,2009,2,38
"CARABIDAE",0,"3.2009",4,2009,3,39
"CARABIDAE",0,"4.2009",9.8,2009,4,6
"CARABIDAE",0,"5.2009",12.8,2009,5,58
"CARABIDAE",30,"6.2009",15,2009,6,68
"CARABIDAE",74,"7.2009",18.8,2009,7,83
"CARABIDAE",387,"8.2009",18.5,2009,8,45
"CARABIDAE",1,"9.2009",15.3,2009,9,41
"CARABIDAE",0,"10.2009",8.4,2009,10,70
"CARABIDAE",0,"11.2009",6.6,2009,11,89
"CARABIDAE",0,"12.2009",1,2009,12,49
"COCCINELLIDAE",0,"1.1992",2.4,1992,1,34
"COCCINELLIDAE",0,"2.1992",3.5,1992,2,38
"COCCINELLIDAE",0,"3.1992",4.7,1992,3,56
"COCCINELLIDAE",0,"4.1992",7.1,1992,4,54
"COCCINELLIDAE",0,"5.1992",13.8,1992,5,18
"COCCINELLIDAE",2,"6.1992",18.5,1992,6,1
"COCCINELLIDAE",9,"7.1992",19.1,1992,7,51
"COCCINELLIDAE",1,"8.1992",17.7,1992,8,104
"COCCINELLIDAE",1,"9.1992",13.7,1992,9,37
"COCCINELLIDAE",0,"10.1992",7.1,1992,10,67
"COCCINELLIDAE",0,"11.1992",4.6,1992,11,96
"COCCINELLIDAE",0,"12.1992",2.9,1992,12,42
"COCCINELLIDAE",0,"1.1993",2.1,1993,1,74
"COCCINELLIDAE",0,"2.1993",1.6,1993,2,27
"COCCINELLIDAE",0,"3.1993",3.4,1993,3,16
"COCCINELLIDAE",0,"4.1993",8.3,1993,4,15
"COCCINELLIDAE",0,"5.1993",14.2,1993,5,23
"COCCINELLIDAE",0,"6.1993",15.2,1993,6,34
"COCCINELLIDAE",1,"7.1993",15.8,1993,7,114
"COCCINELLIDAE",0,"8.1993",15.2,1993,8,64
"COCCINELLIDAE",0,"9.1993",11.7,1993,9,95
"COCCINELLIDAE",0,"10.1993",8.1,1993,10,66
"COCCINELLIDAE",0,"11.1993",1.9,1993,11,40
"COCCINELLIDAE",0,"12.1993",2.9,1993,12,91
"COCCINELLIDAE",0,"1.1994",2.9,1994,1,84
"COCCINELLIDAE",0,"2.1994",-0.9,1994,2,46
"COCCINELLIDAE",0,"3.1994",3.8,1994,3,79
"COCCINELLIDAE",1,"4.1994",8.3,1994,4,41
"COCCINELLIDAE",0,"5.1994",11.7,1994,5,30
"COCCINELLIDAE",0,"6.1994",14.5,1994,6,61
"COCCINELLIDAE",31,"7.1994",20.6,1994,7,4
"COCCINELLIDAE",11,"8.1994",18.3,1994,8,84
"COCCINELLIDAE",0,"9.1994",13.7,1994,9,143
"COCCINELLIDAE",0,"10.1994",8.5,1994,10,48
"COCCINELLIDAE",0,"11.1994",6,1994,11,49
"COCCINELLIDAE",0,"12.1994",4.4,1994,12,95
"COCCINELLIDAE",0,"1.1995",0.6,1995,1,84
"COCCINELLIDAE",0,"2.1995",4,1995,2,68
"COCCINELLIDAE",0,"3.1995",3.5,1995,3,37
"COCCINELLIDAE",0,"4.1995",7,1995,4,53
"COCCINELLIDAE",0,"5.1995",11.3,1995,5,53
"COCCINELLIDAE",4,"6.1995",15.4,1995,6,53
"COCCINELLIDAE",27,"7.1995",18.7,1995,7,40
"COCCINELLIDAE",39,"8.1995",19.3,1995,8,24
"COCCINELLIDAE",0,"9.1995",13.9,1995,9,89
"COCCINELLIDAE",0,"10.1995",12.2,1995,10,40
"COCCINELLIDAE",0,"11.1995",3,1995,11,42
"COCCINELLIDAE",0,"12.1995",-1.4,1995,12,22
"COCCINELLIDAE",0,"1.1996",-1.6,1996,1,7
"COCCINELLIDAE",0,"2.1996",-2.7,1996,2,28
"COCCINELLIDAE",0,"3.1996",0.3,1996,3,13
"COCCINELLIDAE",1,"4.1996",7.6,1996,4,18
"COCCINELLIDAE",0,"5.1996",9.8,1996,5,90
"COCCINELLIDAE",0,"6.1996",15,1996,6,36
"COCCINELLIDAE",5,"7.1996",15.9,1996,7,57
"COCCINELLIDAE",8,"8.1996",18.7,1996,8,43
"COCCINELLIDAE",0,"9.1996",12.3,1996,9,55
"COCCINELLIDAE",0,"10.1996",10.3,1996,10,42
"COCCINELLIDAE",0,"11.1996",4.9,1996,11,69
"COCCINELLIDAE",0,"12.1996",-0.5,1996,12,28
"COCCINELLIDAE",0,"1.1997",-1.2,1997,1,5
"COCCINELLIDAE",0,"2.1997",3.2,1997,2,61
"COCCINELLIDAE",0,"3.1997",4.1,1997,3,20
"COCCINELLIDAE",0,"4.1997",6.3,1997,4,30
"COCCINELLIDAE",0,"5.1997",10.8,1997,5,73
"COCCINELLIDAE",2,"6.1997",16.2,1997,6,51
"COCCINELLIDAE",15,"7.1997",18.7,1997,7,55
"COCCINELLIDAE",30,"8.1997",20.6,1997,8,25
"COCCINELLIDAE",0,"9.1997",14.8,1997,9,41
"COCCINELLIDAE",0,"10.1997",8.4,1997,10,69
"COCCINELLIDAE",0,"11.1997",3.9,1997,11,44
"COCCINELLIDAE",0,"12.1997",2.7,1997,12,52
"COCCINELLIDAE",0,"1.1998",2.9,1998,1,49
"COCCINELLIDAE",0,"2.1998",5.1,1998,2,51
"COCCINELLIDAE",0,"3.1998",3.7,1998,3,48
"COCCINELLIDAE",0,"4.1998",7.7,1998,4,60
"COCCINELLIDAE",0,"5.1998",13,1998,5,33
"COCCINELLIDAE",16,"6.1998",15.4,1998,6,85
"COCCINELLIDAE",29,"7.1998",15.9,1998,7,97
"COCCINELLIDAE",16,"8.1998",15.7,1998,8,58
"COCCINELLIDAE",5,"9.1998",14.3,1998,9,70
"COCCINELLIDAE",2,"10.1998",9.3,1998,10,118
"COCCINELLIDAE",0,"11.1998",1.5,1998,11,43
"COCCINELLIDAE",0,"12.1998",1.2,1998,12,59
"COCCINELLIDAE",0,"1.1999",2.2,1999,1,64
"COCCINELLIDAE",0,"2.1999",1,1999,2,48
"COCCINELLIDAE",0,"3.1999",4.1,1999,3,45
"COCCINELLIDAE",0,"4.1999",8.4,1999,4,52
"COCCINELLIDAE",6,"5.1999",11.6,1999,5,57
"COCCINELLIDAE",24,"6.1999",15.7,1999,6,106
"COCCINELLIDAE",15,"7.1999",19,1999,7,40
"COCCINELLIDAE",20,"8.1999",17.7,1999,8,109
"COCCINELLIDAE",11,"9.1999",16.8,1999,9,51
"COCCINELLIDAE",0,"10.1999",9.8,1999,10,55
"COCCINELLIDAE",0,"11.1999",5.3,1999,11,29
"COCCINELLIDAE",0,"12.1999",2.8,1999,12,112
"COCCINELLIDAE",0,"1.2000",2.6,2000,1,44
"COCCINELLIDAE",0,"2.2000",3.9,2000,2,44
"COCCINELLIDAE",0,"3.2000",4.2,2000,3,55
"COCCINELLIDAE",2,"4.2000",9.5,2000,4,44
"COCCINELLIDAE",33,"5.2000",13.9,2000,5,35
"COCCINELLIDAE",77,"6.2000",15.5,2000,6,81
"COCCINELLIDAE",46,"7.2000",16.4,2000,7,39
"COCCINELLIDAE",26,"8.2000",16.6,2000,8,47
"COCCINELLIDAE",6,"9.2000",13.7,2000,9,67
"COCCINELLIDAE",0,"10.2000",12.1,2000,10,61
"COCCINELLIDAE",0,"11.2000",7.1,2000,11,67
"COCCINELLIDAE",0,"12.2000",4.3,2000,12,58
"COCCINELLIDAE",0,"1.2001",1.8,2001,1,39
"COCCINELLIDAE",0,"2.2001",1,2001,2,40
"COCCINELLIDAE",0,"3.2001",1.9,2001,3,28
"COCCINELLIDAE",0,"4.2001",6.6,2001,4,55
"COCCINELLIDAE",2,"5.2001",12.8,2001,5,27
"COCCINELLIDAE",31,"6.2001",14.6,2001,6,61
"COCCINELLIDAE",65,"7.2001",19,2001,7,37
"COCCINELLIDAE",25,"8.2001",18,2001,8,102
"COCCINELLIDAE",4,"9.2001",13.3,2001,9,117
"COCCINELLIDAE",8,"10.2001",12.4,2001,10,42
"COCCINELLIDAE",0,"11.2001",4.9,2001,11,46
"COCCINELLIDAE",0,"12.2001",0.9,2001,12,49
"COCCINELLIDAE",0,"1.2002",2.7,2002,1,68
"COCCINELLIDAE",0,"2.2002",4.7,2002,2,82
"COCCINELLIDAE",0,"3.2002",4.9,2002,3,29
"COCCINELLIDAE",0,"4.2002",7.8,2002,4,31
"COCCINELLIDAE",3,"5.2002",13.7,2002,5,53
"COCCINELLIDAE",20,"6.2002",17,2002,6,78
"COCCINELLIDAE",27,"7.2002",18.5,2002,7,89
"COCCINELLIDAE",21,"8.2002",20.3,2002,8,65
"COCCINELLIDAE",5,"9.2002",15.6,2002,9,36
"COCCINELLIDAE",2,"10.2002",7.9,2002,10,111
"COCCINELLIDAE",0,"11.2002",3.9,2002,11,66
"COCCINELLIDAE",0,"12.2002",-0.1,2002,12,26
"COCCINELLIDAE",0,"1.2003",0.2,2003,1,42
"COCCINELLIDAE",0,"2.2003",-1.2,2003,2,10
"COCCINELLIDAE",1,"3.2003",3.4,2003,3,10
"COCCINELLIDAE",0,"4.2003",7.4,2003,4,42
"COCCINELLIDAE",11,"5.2003",13,2003,5,57
"COCCINELLIDAE",70,"6.2003",17.3,2003,6,49
"COCCINELLIDAE",54,"7.2003",19.2,2003,7,86
"COCCINELLIDAE",35,"8.2003",18.9,2003,8,43
"COCCINELLIDAE",16,"9.2003",14.9,2003,9,45
"COCCINELLIDAE",1,"10.2003",7.3,2003,10,48
"COCCINELLIDAE",0,"11.2003",6.1,2003,11,44
"COCCINELLIDAE",0,"12.2003",4,2003,12,52
"COCCINELLIDAE",0,"1.2004",-0.6,2004,1,61
"COCCINELLIDAE",0,"2.2004",2.1,2004,2,36
"COCCINELLIDAE",0,"3.2004",4.1,2004,3,35
"COCCINELLIDAE",0,"4.2004",8.7,2004,4,31
"COCCINELLIDAE",1,"5.2004",12.5,2004,5,30
"COCCINELLIDAE",31,"6.2004",14.9,2004,6,68
"COCCINELLIDAE",293,"7.2004",16.3,2004,7,113
"COCCINELLIDAE",98,"8.2004",18.7,2004,8,85
"COCCINELLIDAE",26,"9.2004",14.6,2004,9,49
"COCCINELLIDAE",2,"10.2004",10.1,2004,10,79
"COCCINELLIDAE",0,"11.2004",4.8,2004,11,48
"COCCINELLIDAE",0,"12.2004",4,2004,12,53
"COCCINELLIDAE",0,"1.2005",3.4,2005,1,45
"COCCINELLIDAE",0,"2.2005",0.4,2005,2,45
"COCCINELLIDAE",0,"3.2005",1.6,2005,3,36
"COCCINELLIDAE",0,"4.2005",8.1,2005,4,14
"COCCINELLIDAE",5,"5.2005",12.2,2005,5,46
"COCCINELLIDAE",44,"6.2005",15.4,2005,6,45
"COCCINELLIDAE",56,"7.2005",18.7,2005,7,82
"COCCINELLIDAE",18,"8.2005",16.6,2005,8,61
"COCCINELLIDAE",18,"9.2005",15.4,2005,9,27
"COCCINELLIDAE",1,"10.2005",11.6,2005,10,50
"COCCINELLIDAE",0,"11.2005",5.6,2005,11,40
"COCCINELLIDAE",0,"12.2005",2.5,2005,12,57
"COCCINELLIDAE",0,"1.2006",-1.4,2006,1,20
"COCCINELLIDAE",0,"2.2006",0.4,2006,2,45
"COCCINELLIDAE",0,"3.2006",0.2,2006,3,39
"COCCINELLIDAE",0,"4.2006",6.9,2006,4,45
"COCCINELLIDAE",0,"5.2006",12.3,2006,5,66
"COCCINELLIDAE",87,"6.2006",16.7,2006,6,30
"COCCINELLIDAE",148,"7.2006",21.2,2006,7,23
"COCCINELLIDAE",51,"8.2006",18.2,2006,8,156
"COCCINELLIDAE",13,"9.2006",16.8,2006,9,35
"COCCINELLIDAE",0,"10.2006",12.9,2006,10,77
"COCCINELLIDAE",0,"11.2006",7.5,2006,11,70
"COCCINELLIDAE",0,"12.2006",6.9,2006,12,60
"COCCINELLIDAE",0,"1.2007",5,2007,1,92
"COCCINELLIDAE",0,"2.2007",2.3,2007,2,59
"COCCINELLIDAE",0,"3.2007",6.3,2007,3,34
"COCCINELLIDAE",0,"4.2007",9.6,2007,4,11
"COCCINELLIDAE",5,"5.2007",13.2,2007,5,61
"COCCINELLIDAE",31,"6.2007",17.4,2007,6,110
"COCCINELLIDAE",11,"7.2007",17.2,2007,7,144
"COCCINELLIDAE",32,"8.2007",17.8,2007,8,69
"COCCINELLIDAE",5,"9.2007",13.7,2007,9,72
"COCCINELLIDAE",0,"10.2007",9.4,2007,10,30
"COCCINELLIDAE",0,"11.2007",4.7,2007,11,37
"COCCINELLIDAE",0,"12.2007",3.8,2007,12,54
"COCCINELLIDAE",0,"1.2008",3.9,2008,1,61
"COCCINELLIDAE",0,"2.2008",4.9,2008,2,30
"COCCINELLIDAE",0,"3.2008",4.3,2008,3,59
"COCCINELLIDAE",0,"4.2008",8.1,2008,4,47
"COCCINELLIDAE",8,"5.2008",13.9,2008,5,23
"COCCINELLIDAE",48,"6.2008",16.6,2008,6,33
"COCCINELLIDAE",157,"7.2008",18.7,2008,7,56
"COCCINELLIDAE",151,"8.2008",17.8,2008,8,128
"COCCINELLIDAE",19,"9.2008",14,2008,9,52
"COCCINELLIDAE",1,"10.2008",10.4,2008,10,76
"COCCINELLIDAE",0,"11.2008",5.7,2008,11,56
"COCCINELLIDAE",0,"12.2008",3,2008,12,50
"COCCINELLIDAE",0,"1.2009",0.9,2009,1,28
"COCCINELLIDAE",0,"2.2009",0.8,2009,2,38
"COCCINELLIDAE",0,"3.2009",4,2009,3,39
"COCCINELLIDAE",0,"4.2009",9.8,2009,4,6
"COCCINELLIDAE",7,"5.2009",12.8,2009,5,58
"COCCINELLIDAE",28,"6.2009",15,2009,6,68
"COCCINELLIDAE",56,"7.2009",18.8,2009,7,83
"COCCINELLIDAE",136,"8.2009",18.5,2009,8,45
"COCCINELLIDAE",0,"9.2009",15.3,2009,9,41
"COCCINELLIDAE",0,"10.2009",8.4,2009,10,70
"COCCINELLIDAE",0,"11.2009",6.6,2009,11,89
"COCCINELLIDAE",0,"12.2009",1,2009,12,49
"CRYPTOPHAGIDAE",0,"1.1992",2.4,1992,1,34
"CRYPTOPHAGIDAE",0,"2.1992",3.5,1992,2,38
"CRYPTOPHAGIDAE",0,"3.1992",4.7,1992,3,56
"CRYPTOPHAGIDAE",0,"4.1992",7.1,1992,4,54
"CRYPTOPHAGIDAE",0,"5.1992",13.8,1992,5,18
"CRYPTOPHAGIDAE",1,"6.1992",18.5,1992,6,1
"CRYPTOPHAGIDAE",1,"7.1992",19.1,1992,7,51
"CRYPTOPHAGIDAE",2,"8.1992",17.7,1992,8,104
"CRYPTOPHAGIDAE",0,"9.1992",13.7,1992,9,37
"CRYPTOPHAGIDAE",0,"10.1992",7.1,1992,10,67
"CRYPTOPHAGIDAE",0,"11.1992",4.6,1992,11,96
"CRYPTOPHAGIDAE",0,"12.1992",2.9,1992,12,42
"CRYPTOPHAGIDAE",0,"1.1993",2.1,1993,1,74
"CRYPTOPHAGIDAE",0,"2.1993",1.6,1993,2,27
"CRYPTOPHAGIDAE",0,"3.1993",3.4,1993,3,16
"CRYPTOPHAGIDAE",3,"4.1993",8.3,1993,4,15
"CRYPTOPHAGIDAE",4,"5.1993",14.2,1993,5,23
"CRYPTOPHAGIDAE",2,"6.1993",15.2,1993,6,34
"CRYPTOPHAGIDAE",0,"8.1993",15.2,1993,8,64
"CRYPTOPHAGIDAE",1,"9.1993",11.7,1993,9,95
"CRYPTOPHAGIDAE",0,"10.1993",8.1,1993,10,66
"CRYPTOPHAGIDAE",0,"11.1993",1.9,1993,11,40
"CRYPTOPHAGIDAE",0,"12.1993",2.9,1993,12,91
"CRYPTOPHAGIDAE",0,"1.1994",2.9,1994,1,84
"CRYPTOPHAGIDAE",0,"2.1994",-0.9,1994,2,46
"CRYPTOPHAGIDAE",0,"3.1994",3.8,1994,3,79
"CRYPTOPHAGIDAE",0,"4.1994",8.3,1994,4,41
"CRYPTOPHAGIDAE",4,"7.1994",20.6,1994,7,4
"CRYPTOPHAGIDAE",4,"8.1994",18.3,1994,8,84
"CRYPTOPHAGIDAE",0,"9.1994",13.7,1994,9,143
"CRYPTOPHAGIDAE",0,"10.1994",8.5,1994,10,48
"CRYPTOPHAGIDAE",0,"11.1994",6,1994,11,49
"CRYPTOPHAGIDAE",0,"12.1994",4.4,1994,12,95
"CRYPTOPHAGIDAE",0,"1.1995",0.6,1995,1,84
"CRYPTOPHAGIDAE",0,"2.1995",4,1995,2,68
"CRYPTOPHAGIDAE",0,"3.1995",3.5,1995,3,37
"CRYPTOPHAGIDAE",0,"4.1995",7,1995,4,53
"CRYPTOPHAGIDAE",15,"7.1995",18.7,1995,7,40
"CRYPTOPHAGIDAE",9,"8.1995",19.3,1995,8,24
"CRYPTOPHAGIDAE",0,"9.1995",13.9,1995,9,89
"CRYPTOPHAGIDAE",0,"10.1995",12.2,1995,10,40
"CRYPTOPHAGIDAE",0,"11.1995",3,1995,11,42
"CRYPTOPHAGIDAE",0,"12.1995",-1.4,1995,12,22
"CRYPTOPHAGIDAE",0,"1.1996",-1.6,1996,1,7
"CRYPTOPHAGIDAE",0,"2.1996",-2.7,1996,2,28
"CRYPTOPHAGIDAE",0,"3.1996",0.3,1996,3,13
"CRYPTOPHAGIDAE",0,"4.1996",7.6,1996,4,18
"CRYPTOPHAGIDAE",0,"5.1996",9.8,1996,5,90
"CRYPTOPHAGIDAE",4,"7.1996",15.9,1996,7,57
"CRYPTOPHAGIDAE",3,"8.1996",18.7,1996,8,43
"CRYPTOPHAGIDAE",0,"9.1996",12.3,1996,9,55
"CRYPTOPHAGIDAE",0,"10.1996",10.3,1996,10,42
"CRYPTOPHAGIDAE",0,"11.1996",4.9,1996,11,69
"CRYPTOPHAGIDAE",0,"12.1996",-0.5,1996,12,28
"CRYPTOPHAGIDAE",0,"1.1997",-1.2,1997,1,5
"CRYPTOPHAGIDAE",0,"2.1997",3.2,1997,2,61
"CRYPTOPHAGIDAE",0,"3.1997",4.1,1997,3,20
"CRYPTOPHAGIDAE",0,"4.1997",6.3,1997,4,30
"CRYPTOPHAGIDAE",1,"6.1997",16.2,1997,6,51
"CRYPTOPHAGIDAE",40,"7.1997",18.7,1997,7,55
"CRYPTOPHAGIDAE",40,"8.1997",20.6,1997,8,25
"CRYPTOPHAGIDAE",2,"9.1997",14.8,1997,9,41
"CRYPTOPHAGIDAE",0,"10.1997",8.4,1997,10,69
"CRYPTOPHAGIDAE",0,"11.1997",3.9,1997,11,44
"CRYPTOPHAGIDAE",0,"12.1997",2.7,1997,12,52
"CRYPTOPHAGIDAE",0,"1.1998",2.9,1998,1,49
"CRYPTOPHAGIDAE",0,"2.1998",5.1,1998,2,51
"CRYPTOPHAGIDAE",0,"3.1998",3.7,1998,3,48
"CRYPTOPHAGIDAE",0,"4.1998",7.7,1998,4,60
"CRYPTOPHAGIDAE",1,"5.1998",13,1998,5,33
"CRYPTOPHAGIDAE",2,"6.1998",15.4,1998,6,85
"CRYPTOPHAGIDAE",26,"7.1998",15.9,1998,7,97
"CRYPTOPHAGIDAE",1,"8.1998",15.7,1998,8,58
"CRYPTOPHAGIDAE",0,"9.1998",14.3,1998,9,70
"CRYPTOPHAGIDAE",0,"10.1998",9.3,1998,10,118
"CRYPTOPHAGIDAE",0,"11.1998",1.5,1998,11,43
"CRYPTOPHAGIDAE",0,"12.1998",1.2,1998,12,59
"CRYPTOPHAGIDAE",0,"1.1999",2.2,1999,1,64
"CRYPTOPHAGIDAE",0,"2.1999",1,1999,2,48
"CRYPTOPHAGIDAE",0,"3.1999",4.1,1999,3,45
"CRYPTOPHAGIDAE",0,"4.1999",8.4,1999,4,52
"CRYPTOPHAGIDAE",1,"6.1999",15.7,1999,6,106
"CRYPTOPHAGIDAE",7,"7.1999",19,1999,7,40
"CRYPTOPHAGIDAE",27,"8.1999",17.7,1999,8,109
"CRYPTOPHAGIDAE",6,"9.1999",16.8,1999,9,51
"CRYPTOPHAGIDAE",0,"10.1999",9.8,1999,10,55
"CRYPTOPHAGIDAE",0,"11.1999",5.3,1999,11,29
"CRYPTOPHAGIDAE",0,"12.1999",2.8,1999,12,112
"CRYPTOPHAGIDAE",0,"1.2000",2.6,2000,1,44
"CRYPTOPHAGIDAE",0,"2.2000",3.9,2000,2,44
"CRYPTOPHAGIDAE",0,"3.2000",4.2,2000,3,55
"CRYPTOPHAGIDAE",0,"4.2000",9.5,2000,4,44
"CRYPTOPHAGIDAE",3,"5.2000",13.9,2000,5,35
"CRYPTOPHAGIDAE",15,"6.2000",15.5,2000,6,81
"CRYPTOPHAGIDAE",2,"7.2000",16.4,2000,7,39
"CRYPTOPHAGIDAE",2,"8.2000",16.6,2000,8,47
"CRYPTOPHAGIDAE",0,"9.2000",13.7,2000,9,67
"CRYPTOPHAGIDAE",0,"10.2000",12.1,2000,10,61
"CRYPTOPHAGIDAE",0,"11.2000",7.1,2000,11,67
"CRYPTOPHAGIDAE",0,"12.2000",4.3,2000,12,58
"CRYPTOPHAGIDAE",0,"1.2001",1.8,2001,1,39
"CRYPTOPHAGIDAE",0,"2.2001",1,2001,2,40
"CRYPTOPHAGIDAE",0,"3.2001",1.9,2001,3,28
"CRYPTOPHAGIDAE",0,"4.2001",6.6,2001,4,55
"CRYPTOPHAGIDAE",17,"7.2001",19,2001,7,37
"CRYPTOPHAGIDAE",20,"8.2001",18,2001,8,102
"CRYPTOPHAGIDAE",1,"9.2001",13.3,2001,9,117
"CRYPTOPHAGIDAE",0,"10.2001",12.4,2001,10,42
"CRYPTOPHAGIDAE",0,"11.2001",4.9,2001,11,46
"CRYPTOPHAGIDAE",0,"12.2001",0.9,2001,12,49
"CRYPTOPHAGIDAE",0,"1.2002",2.7,2002,1,68
"CRYPTOPHAGIDAE",0,"2.2002",4.7,2002,2,82
"CRYPTOPHAGIDAE",0,"3.2002",4.9,2002,3,29
"CRYPTOPHAGIDAE",0,"4.2002",7.8,2002,4,31
"CRYPTOPHAGIDAE",32,"7.2002",18.5,2002,7,89
"CRYPTOPHAGIDAE",10,"8.2002",20.3,2002,8,65
"CRYPTOPHAGIDAE",0,"9.2002",15.6,2002,9,36
"CRYPTOPHAGIDAE",0,"10.2002",7.9,2002,10,111
"CRYPTOPHAGIDAE",0,"11.2002",3.9,2002,11,66
"CRYPTOPHAGIDAE",0,"12.2002",-0.1,2002,12,26
"CRYPTOPHAGIDAE",0,"1.2003",0.2,2003,1,42
"CRYPTOPHAGIDAE",0,"2.2003",-1.2,2003,2,10
"CRYPTOPHAGIDAE",0,"3.2003",3.4,2003,3,10
"CRYPTOPHAGIDAE",0,"4.2003",7.4,2003,4,42
"CRYPTOPHAGIDAE",3,"6.2003",17.3,2003,6,49
"CRYPTOPHAGIDAE",65,"7.2003",19.2,2003,7,86
"CRYPTOPHAGIDAE",2,"8.2003",18.9,2003,8,43
"CRYPTOPHAGIDAE",0,"9.2003",14.9,2003,9,45
"CRYPTOPHAGIDAE",0,"10.2003",7.3,2003,10,48
"CRYPTOPHAGIDAE",0,"11.2003",6.1,2003,11,44
"CRYPTOPHAGIDAE",0,"12.2003",4,2003,12,52
"CRYPTOPHAGIDAE",0,"1.2004",-0.6,2004,1,61
"CRYPTOPHAGIDAE",0,"2.2004",2.1,2004,2,36
"CRYPTOPHAGIDAE",0,"3.2004",4.1,2004,3,35
"CRYPTOPHAGIDAE",0,"4.2004",8.7,2004,4,31
"CRYPTOPHAGIDAE",1,"6.2004",14.9,2004,6,68
"CRYPTOPHAGIDAE",18,"7.2004",16.3,2004,7,113
"CRYPTOPHAGIDAE",10,"8.2004",18.7,2004,8,85
"CRYPTOPHAGIDAE",0,"9.2004",14.6,2004,9,49
"CRYPTOPHAGIDAE",1,"10.2004",10.1,2004,10,79
"CRYPTOPHAGIDAE",0,"11.2004",4.8,2004,11,48
"CRYPTOPHAGIDAE",0,"12.2004",4,2004,12,53
"CRYPTOPHAGIDAE",0,"1.2005",3.4,2005,1,45
"CRYPTOPHAGIDAE",0,"2.2005",0.4,2005,2,45
"CRYPTOPHAGIDAE",0,"3.2005",1.6,2005,3,36
"CRYPTOPHAGIDAE",0,"4.2005",8.1,2005,4,14
"CRYPTOPHAGIDAE",1,"5.2005",12.2,2005,5,46
"CRYPTOPHAGIDAE",2,"6.2005",15.4,2005,6,45
"CRYPTOPHAGIDAE",13,"7.2005",18.7,2005,7,82
"CRYPTOPHAGIDAE",14,"8.2005",16.6,2005,8,61
"CRYPTOPHAGIDAE",1,"9.2005",15.4,2005,9,27
"CRYPTOPHAGIDAE",0,"10.2005",11.6,2005,10,50
"CRYPTOPHAGIDAE",0,"11.2005",5.6,2005,11,40
"CRYPTOPHAGIDAE",0,"12.2005",2.5,2005,12,57
"CRYPTOPHAGIDAE",0,"1.2006",-1.4,2006,1,20
"CRYPTOPHAGIDAE",0,"2.2006",0.4,2006,2,45
"CRYPTOPHAGIDAE",0,"3.2006",0.2,2006,3,39
"CRYPTOPHAGIDAE",0,"4.2006",6.9,2006,4,45
"CRYPTOPHAGIDAE",0,"5.2006",12.3,2006,5,66
"CRYPTOPHAGIDAE",3,"6.2006",16.7,2006,6,30
"CRYPTOPHAGIDAE",15,"7.2006",21.2,2006,7,23
"CRYPTOPHAGIDAE",16,"8.2006",18.2,2006,8,156
"CRYPTOPHAGIDAE",1,"9.2006",16.8,2006,9,35
"CRYPTOPHAGIDAE",0,"10.2006",12.9,2006,10,77
"CRYPTOPHAGIDAE",0,"11.2006",7.5,2006,11,70
"CRYPTOPHAGIDAE",0,"12.2006",6.9,2006,12,60
"CRYPTOPHAGIDAE",0,"1.2007",5,2007,1,92
"CRYPTOPHAGIDAE",0,"2.2007",2.3,2007,2,59
"CRYPTOPHAGIDAE",0,"3.2007",6.3,2007,3,34
"CRYPTOPHAGIDAE",0,"4.2007",9.6,2007,4,11
"CRYPTOPHAGIDAE",3,"5.2007",13.2,2007,5,61
"CRYPTOPHAGIDAE",13,"6.2007",17.4,2007,6,110
"CRYPTOPHAGIDAE",2,"7.2007",17.2,2007,7,144
"CRYPTOPHAGIDAE",90,"8.2007",17.8,2007,8,69
"CRYPTOPHAGIDAE",3,"9.2007",13.7,2007,9,72
"CRYPTOPHAGIDAE",0,"10.2007",9.4,2007,10,30
"CRYPTOPHAGIDAE",0,"11.2007",4.7,2007,11,37
"CRYPTOPHAGIDAE",0,"12.2007",3.8,2007,12,54
"CRYPTOPHAGIDAE",0,"1.2008",3.9,2008,1,61
"CRYPTOPHAGIDAE",0,"2.2008",4.9,2008,2,30
"CRYPTOPHAGIDAE",0,"3.2008",4.3,2008,3,59
"CRYPTOPHAGIDAE",0,"4.2008",8.1,2008,4,47
"CRYPTOPHAGIDAE",26,"7.2008",18.7,2008,7,56
"CRYPTOPHAGIDAE",7,"8.2008",17.8,2008,8,128
"CRYPTOPHAGIDAE",2,"9.2008",14,2008,9,52
"CRYPTOPHAGIDAE",0,"10.2008",10.4,2008,10,76
"CRYPTOPHAGIDAE",0,"11.2008",5.7,2008,11,56
"CRYPTOPHAGIDAE",0,"12.2008",3,2008,12,50
"CRYPTOPHAGIDAE",0,"1.2009",0.9,2009,1,28
"CRYPTOPHAGIDAE",0,"2.2009",0.8,2009,2,38
"CRYPTOPHAGIDAE",0,"3.2009",4,2009,3,39
"CRYPTOPHAGIDAE",0,"4.2009",9.8,2009,4,6
"CRYPTOPHAGIDAE",2,"5.2009",12.8,2009,5,58
"CRYPTOPHAGIDAE",5,"6.2009",15,2009,6,68
"CRYPTOPHAGIDAE",1,"7.2009",18.8,2009,7,83
"CRYPTOPHAGIDAE",4,"8.2009",18.5,2009,8,45
"CRYPTOPHAGIDAE",0,"9.2009",15.3,2009,9,41
"CRYPTOPHAGIDAE",0,"10.2009",8.4,2009,10,70
"CRYPTOPHAGIDAE",0,"11.2009",6.6,2009,11,89
"CRYPTOPHAGIDAE",0,"12.2009",1,2009,12,49
"HETEROCERIDAE",0,"1.1992",2.4,1992,1,34
"HETEROCERIDAE",0,"2.1992",3.5,1992,2,38
"HETEROCERIDAE",0,"3.1992",4.7,1992,3,56
"HETEROCERIDAE",0,"4.1992",7.1,1992,4,54
"HETEROCERIDAE",0,"5.1992",13.8,1992,5,18
"HETEROCERIDAE",1,"6.1992",18.5,1992,6,1
"HETEROCERIDAE",4,"7.1992",19.1,1992,7,51
"HETEROCERIDAE",0,"8.1992",17.7,1992,8,104
"HETEROCERIDAE",0,"9.1992",13.7,1992,9,37
"HETEROCERIDAE",0,"10.1992",7.1,1992,10,67
"HETEROCERIDAE",0,"11.1992",4.6,1992,11,96
"HETEROCERIDAE",0,"12.1992",2.9,1992,12,42
"HETEROCERIDAE",0,"1.1993",2.1,1993,1,74
"HETEROCERIDAE",0,"2.1993",1.6,1993,2,27
"HETEROCERIDAE",0,"3.1993",3.4,1993,3,16
"HETEROCERIDAE",0,"4.1993",8.3,1993,4,15
"HETEROCERIDAE",0,"5.1993",14.2,1993,5,23
"HETEROCERIDAE",0,"6.1993",15.2,1993,6,34
"HETEROCERIDAE",0,"7.1993",15.8,1993,7,114
"HETEROCERIDAE",0,"8.1993",15.2,1993,8,64
"HETEROCERIDAE",0,"9.1993",11.7,1993,9,95
"HETEROCERIDAE",0,"10.1993",8.1,1993,10,66
"HETEROCERIDAE",0,"11.1993",1.9,1993,11,40
"HETEROCERIDAE",0,"12.1993",2.9,1993,12,91
"HETEROCERIDAE",0,"1.1994",2.9,1994,1,84
"HETEROCERIDAE",0,"2.1994",-0.9,1994,2,46
"HETEROCERIDAE",0,"3.1994",3.8,1994,3,79
"HETEROCERIDAE",0,"4.1994",8.3,1994,4,41
"HETEROCERIDAE",0,"5.1994",11.7,1994,5,30
"HETEROCERIDAE",1,"6.1994",14.5,1994,6,61
"HETEROCERIDAE",16,"7.1994",20.6,1994,7,4
"HETEROCERIDAE",4,"8.1994",18.3,1994,8,84
"HETEROCERIDAE",0,"9.1994",13.7,1994,9,143
"HETEROCERIDAE",0,"10.1994",8.5,1994,10,48
"HETEROCERIDAE",0,"11.1994",6,1994,11,49
"HETEROCERIDAE",0,"12.1994",4.4,1994,12,95
"HETEROCERIDAE",0,"1.1995",0.6,1995,1,84
"HETEROCERIDAE",0,"2.1995",4,1995,2,68
"HETEROCERIDAE",0,"3.1995",3.5,1995,3,37
"HETEROCERIDAE",0,"4.1995",7,1995,4,53
"HETEROCERIDAE",0,"5.1995",11.3,1995,5,53
"HETEROCERIDAE",15,"7.1995",18.7,1995,7,40
"HETEROCERIDAE",9,"8.1995",19.3,1995,8,24
"HETEROCERIDAE",0,"9.1995",13.9,1995,9,89
"HETEROCERIDAE",0,"10.1995",12.2,1995,10,40
"HETEROCERIDAE",0,"11.1995",3,1995,11,42
"HETEROCERIDAE",0,"12.1995",-1.4,1995,12,22
"HETEROCERIDAE",0,"1.1996",-1.6,1996,1,7
"HETEROCERIDAE",0,"2.1996",-2.7,1996,2,28
"HETEROCERIDAE",0,"3.1996",0.3,1996,3,13
"HETEROCERIDAE",0,"4.1996",7.6,1996,4,18
"HETEROCERIDAE",0,"5.1996",9.8,1996,5,90
"HETEROCERIDAE",1,"6.1996",15,1996,6,36
"HETEROCERIDAE",2,"7.1996",15.9,1996,7,57
"HETEROCERIDAE",0,"8.1996",18.7,1996,8,43
"HETEROCERIDAE",0,"9.1996",12.3,1996,9,55
"HETEROCERIDAE",0,"10.1996",10.3,1996,10,42
"HETEROCERIDAE",0,"11.1996",4.9,1996,11,69
"HETEROCERIDAE",0,"12.1996",-0.5,1996,12,28
"HETEROCERIDAE",0,"1.1997",-1.2,1997,1,5
"HETEROCERIDAE",0,"2.1997",3.2,1997,2,61
"HETEROCERIDAE",0,"3.1997",4.1,1997,3,20
"HETEROCERIDAE",0,"4.1997",6.3,1997,4,30
"HETEROCERIDAE",2,"5.1997",10.8,1997,5,73
"HETEROCERIDAE",2,"6.1997",16.2,1997,6,51
"HETEROCERIDAE",26,"7.1997",18.7,1997,7,55
"HETEROCERIDAE",18,"8.1997",20.6,1997,8,25
"HETEROCERIDAE",0,"9.1997",14.8,1997,9,41
"HETEROCERIDAE",0,"10.1997",8.4,1997,10,69
"HETEROCERIDAE",0,"11.1997",3.9,1997,11,44
"HETEROCERIDAE",0,"12.1997",2.7,1997,12,52
"HETEROCERIDAE",0,"1.1998",2.9,1998,1,49
"HETEROCERIDAE",0,"2.1998",5.1,1998,2,51
"HETEROCERIDAE",0,"3.1998",3.7,1998,3,48
"HETEROCERIDAE",1,"4.1998",7.7,1998,4,60
"HETEROCERIDAE",2,"5.1998",13,1998,5,33
"HETEROCERIDAE",4,"6.1998",15.4,1998,6,85
"HETEROCERIDAE",14,"7.1998",15.9,1998,7,97
"HETEROCERIDAE",1,"8.1998",15.7,1998,8,58
"HETEROCERIDAE",0,"9.1998",14.3,1998,9,70
"HETEROCERIDAE",0,"10.1998",9.3,1998,10,118
"HETEROCERIDAE",0,"11.1998",1.5,1998,11,43
"HETEROCERIDAE",0,"12.1998",1.2,1998,12,59
"HETEROCERIDAE",0,"1.1999",2.2,1999,1,64
"HETEROCERIDAE",0,"2.1999",1,1999,2,48
"HETEROCERIDAE",0,"3.1999",4.1,1999,3,45
"HETEROCERIDAE",0,"4.1999",8.4,1999,4,52
"HETEROCERIDAE",0,"5.1999",11.6,1999,5,57
"HETEROCERIDAE",0,"6.1999",15.7,1999,6,106
"HETEROCERIDAE",15,"7.1999",19,1999,7,40
"HETEROCERIDAE",12,"8.1999",17.7,1999,8,109
"HETEROCERIDAE",0,"9.1999",16.8,1999,9,51
"HETEROCERIDAE",0,"10.1999",9.8,1999,10,55
"HETEROCERIDAE",0,"11.1999",5.3,1999,11,29
"HETEROCERIDAE",0,"12.1999",2.8,1999,12,112
"HETEROCERIDAE",0,"1.2000",2.6,2000,1,44
"HETEROCERIDAE",0,"2.2000",3.9,2000,2,44
"HETEROCERIDAE",0,"3.2000",4.2,2000,3,55
"HETEROCERIDAE",0,"4.2000",9.5,2000,4,44
"HETEROCERIDAE",4,"5.2000",13.9,2000,5,35
"HETEROCERIDAE",25,"6.2000",15.5,2000,6,81
"HETEROCERIDAE",2,"7.2000",16.4,2000,7,39
"HETEROCERIDAE",0,"8.2000",16.6,2000,8,47
"HETEROCERIDAE",0,"9.2000",13.7,2000,9,67
"HETEROCERIDAE",0,"10.2000",12.1,2000,10,61
"HETEROCERIDAE",0,"11.2000",7.1,2000,11,67
"HETEROCERIDAE",0,"12.2000",4.3,2000,12,58
"HETEROCERIDAE",0,"1.2001",1.8,2001,1,39
"HETEROCERIDAE",0,"2.2001",1,2001,2,40
"HETEROCERIDAE",0,"3.2001",1.9,2001,3,28
"HETEROCERIDAE",0,"4.2001",6.6,2001,4,55
"HETEROCERIDAE",0,"5.2001",12.8,2001,5,27
"HETEROCERIDAE",1,"6.2001",14.6,2001,6,61
"HETEROCERIDAE",50,"7.2001",19,2001,7,37
"HETEROCERIDAE",1,"8.2001",18,2001,8,102
"HETEROCERIDAE",0,"9.2001",13.3,2001,9,117
"HETEROCERIDAE",0,"10.2001",12.4,2001,10,42
"HETEROCERIDAE",0,"11.2001",4.9,2001,11,46
"HETEROCERIDAE",0,"12.2001",0.9,2001,12,49
"HETEROCERIDAE",0,"1.2002",2.7,2002,1,68
"HETEROCERIDAE",0,"2.2002",4.7,2002,2,82
"HETEROCERIDAE",0,"3.2002",4.9,2002,3,29
"HETEROCERIDAE",0,"4.2002",7.8,2002,4,31
"HETEROCERIDAE",0,"5.2002",13.7,2002,5,53
"HETEROCERIDAE",4,"6.2002",17,2002,6,78
"HETEROCERIDAE",6,"7.2002",18.5,2002,7,89
"HETEROCERIDAE",1,"8.2002",20.3,2002,8,65
"HETEROCERIDAE",0,"9.2002",15.6,2002,9,36
"HETEROCERIDAE",0,"10.2002",7.9,2002,10,111
"HETEROCERIDAE",0,"11.2002",3.9,2002,11,66
"HETEROCERIDAE",0,"12.2002",-0.1,2002,12,26
"HETEROCERIDAE",0,"1.2003",0.2,2003,1,42
"HETEROCERIDAE",0,"2.2003",-1.2,2003,2,10
"HETEROCERIDAE",0,"3.2003",3.4,2003,3,10
"HETEROCERIDAE",0,"4.2003",7.4,2003,4,42
"HETEROCERIDAE",0,"5.2003",13,2003,5,57
"HETEROCERIDAE",1,"6.2003",17.3,2003,6,49
"HETEROCERIDAE",8,"7.2003",19.2,2003,7,86
"HETEROCERIDAE",16,"8.2003",18.9,2003,8,43
"HETEROCERIDAE",0,"9.2003",14.9,2003,9,45
"HETEROCERIDAE",0,"10.2003",7.3,2003,10,48
"HETEROCERIDAE",0,"11.2003",6.1,2003,11,44
"HETEROCERIDAE",0,"12.2003",4,2003,12,52
"HETEROCERIDAE",0,"1.2004",-0.6,2004,1,61
"HETEROCERIDAE",0,"2.2004",2.1,2004,2,36
"HETEROCERIDAE",0,"3.2004",4.1,2004,3,35
"HETEROCERIDAE",0,"4.2004",8.7,2004,4,31
"HETEROCERIDAE",0,"5.2004",12.5,2004,5,30
"HETEROCERIDAE",2,"6.2004",14.9,2004,6,68
"HETEROCERIDAE",12,"7.2004",16.3,2004,7,113
"HETEROCERIDAE",10,"8.2004",18.7,2004,8,85
"HETEROCERIDAE",0,"9.2004",14.6,2004,9,49
"HETEROCERIDAE",0,"10.2004",10.1,2004,10,79
"HETEROCERIDAE",0,"11.2004",4.8,2004,11,48
"HETEROCERIDAE",0,"12.2004",4,2004,12,53
"HETEROCERIDAE",0,"1.2005",3.4,2005,1,45
"HETEROCERIDAE",0,"2.2005",0.4,2005,2,45
"HETEROCERIDAE",0,"3.2005",1.6,2005,3,36
"HETEROCERIDAE",0,"4.2005",8.1,2005,4,14
"HETEROCERIDAE",0,"5.2005",12.2,2005,5,46
"HETEROCERIDAE",4,"6.2005",15.4,2005,6,45
"HETEROCERIDAE",54,"7.2005",18.7,2005,7,82
"HETEROCERIDAE",10,"8.2005",16.6,2005,8,61
"HETEROCERIDAE",0,"10.2005",11.6,2005,10,50
"HETEROCERIDAE",0,"11.2005",5.6,2005,11,40
"HETEROCERIDAE",0,"12.2005",2.5,2005,12,57
"HETEROCERIDAE",0,"1.2006",-1.4,2006,1,20
"HETEROCERIDAE",0,"2.2006",0.4,2006,2,45
"HETEROCERIDAE",0,"3.2006",0.2,2006,3,39
"HETEROCERIDAE",0,"4.2006",6.9,2006,4,45
"HETEROCERIDAE",0,"5.2006",12.3,2006,5,66
"HETEROCERIDAE",11,"6.2006",16.7,2006,6,30
"HETEROCERIDAE",102,"7.2006",21.2,2006,7,23
"HETEROCERIDAE",17,"8.2006",18.2,2006,8,156
"HETEROCERIDAE",0,"9.2006",16.8,2006,9,35
"HETEROCERIDAE",0,"10.2006",12.9,2006,10,77
"HETEROCERIDAE",0,"11.2006",7.5,2006,11,70
"HETEROCERIDAE",0,"12.2006",6.9,2006,12,60
"HETEROCERIDAE",0,"1.2007",5,2007,1,92
"HETEROCERIDAE",0,"2.2007",2.3,2007,2,59
"HETEROCERIDAE",0,"3.2007",6.3,2007,3,34
"HETEROCERIDAE",0,"4.2007",9.6,2007,4,11
"HETEROCERIDAE",1,"5.2007",13.2,2007,5,61
"HETEROCERIDAE",22,"6.2007",17.4,2007,6,110
"HETEROCERIDAE",3,"7.2007",17.2,2007,7,144
"HETEROCERIDAE",1,"8.2007",17.8,2007,8,69
"HETEROCERIDAE",0,"9.2007",13.7,2007,9,72
"HETEROCERIDAE",0,"10.2007",9.4,2007,10,30
"HETEROCERIDAE",0,"11.2007",4.7,2007,11,37
"HETEROCERIDAE",0,"12.2007",3.8,2007,12,54
"HETEROCERIDAE",0,"1.2008",3.9,2008,1,61
"HETEROCERIDAE",0,"2.2008",4.9,2008,2,30
"HETEROCERIDAE",0,"3.2008",4.3,2008,3,59
"HETEROCERIDAE",0,"4.2008",8.1,2008,4,47
"HETEROCERIDAE",0,"5.2008",13.9,2008,5,23
"HETEROCERIDAE",1,"6.2008",16.6,2008,6,33
"HETEROCERIDAE",8,"7.2008",18.7,2008,7,56
"HETEROCERIDAE",1,"8.2008",17.8,2008,8,128
"HETEROCERIDAE",0,"9.2008",14,2008,9,52
"HETEROCERIDAE",0,"10.2008",10.4,2008,10,76
"HETEROCERIDAE",0,"11.2008",5.7,2008,11,56
"HETEROCERIDAE",0,"12.2008",3,2008,12,50
"HETEROCERIDAE",0,"1.2009",0.9,2009,1,28
"HETEROCERIDAE",0,"2.2009",0.8,2009,2,38
"HETEROCERIDAE",0,"3.2009",4,2009,3,39
"HETEROCERIDAE",0,"4.2009",9.8,2009,4,6
"HETEROCERIDAE",2,"5.2009",12.8,2009,5,58
"HETEROCERIDAE",2,"6.2009",15,2009,6,68
"HETEROCERIDAE",4,"7.2009",18.8,2009,7,83
"HETEROCERIDAE",4,"8.2009",18.5,2009,8,45
"HETEROCERIDAE",0,"9.2009",15.3,2009,9,41
"HETEROCERIDAE",0,"10.2009",8.4,2009,10,70
"HETEROCERIDAE",0,"11.2009",6.6,2009,11,89
"HETEROCERIDAE",0,"12.2009",1,2009,12,49
"HYDROPHILIDAE",0,"1.1992",2.4,1992,1,34
"HYDROPHILIDAE",0,"2.1992",3.5,1992,2,38
"HYDROPHILIDAE",0,"3.1992",4.7,1992,3,56
"HYDROPHILIDAE",0,"4.1992",7.1,1992,4,54
"HYDROPHILIDAE",0,"5.1992",13.8,1992,5,18
"HYDROPHILIDAE",2,"6.1992",18.5,1992,6,1
"HYDROPHILIDAE",19,"7.1992",19.1,1992,7,51
"HYDROPHILIDAE",8,"8.1992",17.7,1992,8,104
"HYDROPHILIDAE",1,"9.1992",13.7,1992,9,37
"HYDROPHILIDAE",0,"10.1992",7.1,1992,10,67
"HYDROPHILIDAE",0,"11.1992",4.6,1992,11,96
"HYDROPHILIDAE",0,"12.1992",2.9,1992,12,42
"HYDROPHILIDAE",0,"1.1993",2.1,1993,1,74
"HYDROPHILIDAE",0,"2.1993",1.6,1993,2,27
"HYDROPHILIDAE",0,"3.1993",3.4,1993,3,16
"HYDROPHILIDAE",2,"4.1993",8.3,1993,4,15
"HYDROPHILIDAE",3,"5.1993",14.2,1993,5,23
"HYDROPHILIDAE",5,"6.1993",15.2,1993,6,34
"HYDROPHILIDAE",3,"7.1993",15.8,1993,7,114
"HYDROPHILIDAE",0,"8.1993",15.2,1993,8,64
"HYDROPHILIDAE",0,"10.1993",8.1,1993,10,66
"HYDROPHILIDAE",0,"11.1993",1.9,1993,11,40
"HYDROPHILIDAE",0,"12.1993",2.9,1993,12,91
"HYDROPHILIDAE",0,"1.1994",2.9,1994,1,84
"HYDROPHILIDAE",0,"2.1994",-0.9,1994,2,46
"HYDROPHILIDAE",0,"3.1994",3.8,1994,3,79
"HYDROPHILIDAE",0,"4.1994",8.3,1994,4,41
"HYDROPHILIDAE",0,"5.1994",11.7,1994,5,30
"HYDROPHILIDAE",10,"6.1994",14.5,1994,6,61
"HYDROPHILIDAE",141,"7.1994",20.6,1994,7,4
"HYDROPHILIDAE",95,"8.1994",18.3,1994,8,84
"HYDROPHILIDAE",3,"9.1994",13.7,1994,9,143
"HYDROPHILIDAE",0,"10.1994",8.5,1994,10,48
"HYDROPHILIDAE",0,"11.1994",6,1994,11,49
"HYDROPHILIDAE",0,"12.1994",4.4,1994,12,95
"HYDROPHILIDAE",0,"1.1995",0.6,1995,1,84
"HYDROPHILIDAE",0,"2.1995",4,1995,2,68
"HYDROPHILIDAE",0,"3.1995",3.5,1995,3,37
"HYDROPHILIDAE",0,"4.1995",7,1995,4,53
"HYDROPHILIDAE",1,"5.1995",11.3,1995,5,53
"HYDROPHILIDAE",3,"6.1995",15.4,1995,6,53
"HYDROPHILIDAE",167,"7.1995",18.7,1995,7,40
"HYDROPHILIDAE",77,"8.1995",19.3,1995,8,24
"HYDROPHILIDAE",1,"9.1995",13.9,1995,9,89
"HYDROPHILIDAE",0,"10.1995",12.2,1995,10,40
"HYDROPHILIDAE",0,"11.1995",3,1995,11,42
"HYDROPHILIDAE",0,"12.1995",-1.4,1995,12,22
"HYDROPHILIDAE",0,"1.1996",-1.6,1996,1,7
"HYDROPHILIDAE",0,"2.1996",-2.7,1996,2,28
"HYDROPHILIDAE",0,"3.1996",0.3,1996,3,13
"HYDROPHILIDAE",0,"4.1996",7.6,1996,4,18
"HYDROPHILIDAE",0,"5.1996",9.8,1996,5,90
"HYDROPHILIDAE",0,"6.1996",15,1996,6,36
"HYDROPHILIDAE",11,"7.1996",15.9,1996,7,57
"HYDROPHILIDAE",24,"8.1996",18.7,1996,8,43
"HYDROPHILIDAE",2,"9.1996",12.3,1996,9,55
"HYDROPHILIDAE",0,"10.1996",10.3,1996,10,42
"HYDROPHILIDAE",0,"11.1996",4.9,1996,11,69
"HYDROPHILIDAE",0,"12.1996",-0.5,1996,12,28
"HYDROPHILIDAE",0,"1.1997",-1.2,1997,1,5
"HYDROPHILIDAE",0,"2.1997",3.2,1997,2,61
"HYDROPHILIDAE",0,"3.1997",4.1,1997,3,20
"HYDROPHILIDAE",0,"4.1997",6.3,1997,4,30
"HYDROPHILIDAE",4,"5.1997",10.8,1997,5,73
"HYDROPHILIDAE",7,"6.1997",16.2,1997,6,51
"HYDROPHILIDAE",66,"7.1997",18.7,1997,7,55
"HYDROPHILIDAE",213,"8.1997",20.6,1997,8,25
"HYDROPHILIDAE",12,"9.1997",14.8,1997,9,41
"HYDROPHILIDAE",1,"10.1997",8.4,1997,10,69
"HYDROPHILIDAE",0,"11.1997",3.9,1997,11,44
"HYDROPHILIDAE",0,"12.1997",2.7,1997,12,52
"HYDROPHILIDAE",0,"1.1998",2.9,1998,1,49
"HYDROPHILIDAE",0,"2.1998",5.1,1998,2,51
"HYDROPHILIDAE",0,"3.1998",3.7,1998,3,48
"HYDROPHILIDAE",7,"4.1998",7.7,1998,4,60
"HYDROPHILIDAE",2,"5.1998",13,1998,5,33
"HYDROPHILIDAE",11,"6.1998",15.4,1998,6,85
"HYDROPHILIDAE",29,"7.1998",15.9,1998,7,97
"HYDROPHILIDAE",9,"8.1998",15.7,1998,8,58
"HYDROPHILIDAE",3,"9.1998",14.3,1998,9,70
"HYDROPHILIDAE",0,"10.1998",9.3,1998,10,118
"HYDROPHILIDAE",0,"11.1998",1.5,1998,11,43
"HYDROPHILIDAE",0,"12.1998",1.2,1998,12,59
"HYDROPHILIDAE",0,"1.1999",2.2,1999,1,64
"HYDROPHILIDAE",0,"2.1999",1,1999,2,48
"HYDROPHILIDAE",0,"3.1999",4.1,1999,3,45
"HYDROPHILIDAE",0,"4.1999",8.4,1999,4,52
"HYDROPHILIDAE",0,"5.1999",11.6,1999,5,57
"HYDROPHILIDAE",6,"6.1999",15.7,1999,6,106
"HYDROPHILIDAE",129,"7.1999",19,1999,7,40
"HYDROPHILIDAE",80,"8.1999",17.7,1999,8,109
"HYDROPHILIDAE",11,"9.1999",16.8,1999,9,51
"HYDROPHILIDAE",0,"10.1999",9.8,1999,10,55
"HYDROPHILIDAE",0,"11.1999",5.3,1999,11,29
"HYDROPHILIDAE",0,"12.1999",2.8,1999,12,112
"HYDROPHILIDAE",0,"1.2000",2.6,2000,1,44
"HYDROPHILIDAE",0,"2.2000",3.9,2000,2,44
"HYDROPHILIDAE",0,"3.2000",4.2,2000,3,55
"HYDROPHILIDAE",0,"4.2000",9.5,2000,4,44
"HYDROPHILIDAE",8,"5.2000",13.9,2000,5,35
"HYDROPHILIDAE",53,"6.2000",15.5,2000,6,81
"HYDROPHILIDAE",14,"7.2000",16.4,2000,7,39
"HYDROPHILIDAE",8,"8.2000",16.6,2000,8,47
"HYDROPHILIDAE",1,"9.2000",13.7,2000,9,67
"HYDROPHILIDAE",0,"10.2000",12.1,2000,10,61
"HYDROPHILIDAE",0,"11.2000",7.1,2000,11,67
"HYDROPHILIDAE",0,"12.2000",4.3,2000,12,58
"HYDROPHILIDAE",0,"1.2001",1.8,2001,1,39
"HYDROPHILIDAE",0,"2.2001",1,2001,2,40
"HYDROPHILIDAE",0,"3.2001",1.9,2001,3,28
"HYDROPHILIDAE",0,"4.2001",6.6,2001,4,55
"HYDROPHILIDAE",0,"5.2001",12.8,2001,5,27
"HYDROPHILIDAE",0,"6.2001",14.6,2001,6,61
"HYDROPHILIDAE",63,"7.2001",19,2001,7,37
"HYDROPHILIDAE",19,"8.2001",18,2001,8,102
"HYDROPHILIDAE",1,"9.2001",13.3,2001,9,117
"HYDROPHILIDAE",0,"10.2001",12.4,2001,10,42
"HYDROPHILIDAE",0,"11.2001",4.9,2001,11,46
"HYDROPHILIDAE",0,"12.2001",0.9,2001,12,49
"HYDROPHILIDAE",0,"1.2002",2.7,2002,1,68
"HYDROPHILIDAE",0,"2.2002",4.7,2002,2,82
"HYDROPHILIDAE",0,"3.2002",4.9,2002,3,29
"HYDROPHILIDAE",0,"4.2002",7.8,2002,4,31
"HYDROPHILIDAE",1,"5.2002",13.7,2002,5,53
"HYDROPHILIDAE",10,"6.2002",17,2002,6,78
"HYDROPHILIDAE",80,"7.2002",18.5,2002,7,89
"HYDROPHILIDAE",118,"8.2002",20.3,2002,8,65
"HYDROPHILIDAE",1,"9.2002",15.6,2002,9,36
"HYDROPHILIDAE",0,"10.2002",7.9,2002,10,111
"HYDROPHILIDAE",0,"11.2002",3.9,2002,11,66
"HYDROPHILIDAE",0,"12.2002",-0.1,2002,12,26
"HYDROPHILIDAE",0,"1.2003",0.2,2003,1,42
"HYDROPHILIDAE",0,"2.2003",-1.2,2003,2,10
"HYDROPHILIDAE",0,"3.2003",3.4,2003,3,10
"HYDROPHILIDAE",0,"4.2003",7.4,2003,4,42
"HYDROPHILIDAE",1,"5.2003",13,2003,5,57
"HYDROPHILIDAE",15,"6.2003",17.3,2003,6,49
"HYDROPHILIDAE",73,"7.2003",19.2,2003,7,86
"HYDROPHILIDAE",60,"8.2003",18.9,2003,8,43
"HYDROPHILIDAE",0,"9.2003",14.9,2003,9,45
"HYDROPHILIDAE",0,"10.2003",7.3,2003,10,48
"HYDROPHILIDAE",0,"11.2003",6.1,2003,11,44
"HYDROPHILIDAE",0,"12.2003",4,2003,12,52
"HYDROPHILIDAE",0,"1.2004",-0.6,2004,1,61
"HYDROPHILIDAE",0,"2.2004",2.1,2004,2,36
"HYDROPHILIDAE",0,"3.2004",4.1,2004,3,35
"HYDROPHILIDAE",0,"4.2004",8.7,2004,4,31
"HYDROPHILIDAE",2,"5.2004",12.5,2004,5,30
"HYDROPHILIDAE",31,"7.2004",16.3,2004,7,113
"HYDROPHILIDAE",31,"8.2004",18.7,2004,8,85
"HYDROPHILIDAE",6,"9.2004",14.6,2004,9,49
"HYDROPHILIDAE",0,"11.2004",4.8,2004,11,48
"HYDROPHILIDAE",0,"12.2004",4,2004,12,53
"HYDROPHILIDAE",0,"1.2005",3.4,2005,1,45
"HYDROPHILIDAE",0,"2.2005",0.4,2005,2,45
"HYDROPHILIDAE",0,"3.2005",1.6,2005,3,36
"HYDROPHILIDAE",0,"4.2005",8.1,2005,4,14
"HYDROPHILIDAE",10,"6.2005",15.4,2005,6,45
"HYDROPHILIDAE",104,"7.2005",18.7,2005,7,82
"HYDROPHILIDAE",23,"8.2005",16.6,2005,8,61
"HYDROPHILIDAE",7,"9.2005",15.4,2005,9,27
"HYDROPHILIDAE",0,"10.2005",11.6,2005,10,50
"HYDROPHILIDAE",0,"11.2005",5.6,2005,11,40
"HYDROPHILIDAE",0,"12.2005",2.5,2005,12,57
"HYDROPHILIDAE",0,"1.2006",-1.4,2006,1,20
"HYDROPHILIDAE",0,"2.2006",0.4,2006,2,45
"HYDROPHILIDAE",0,"3.2006",0.2,2006,3,39
"HYDROPHILIDAE",0,"4.2006",6.9,2006,4,45
"HYDROPHILIDAE",1,"5.2006",12.3,2006,5,66
"HYDROPHILIDAE",25,"6.2006",16.7,2006,6,30
"HYDROPHILIDAE",99,"7.2006",21.2,2006,7,23
"HYDROPHILIDAE",28,"8.2006",18.2,2006,8,156
"HYDROPHILIDAE",4,"9.2006",16.8,2006,9,35
"HYDROPHILIDAE",1,"10.2006",12.9,2006,10,77
"HYDROPHILIDAE",0,"11.2006",7.5,2006,11,70
"HYDROPHILIDAE",0,"12.2006",6.9,2006,12,60
"HYDROPHILIDAE",0,"1.2007",5,2007,1,92
"HYDROPHILIDAE",0,"2.2007",2.3,2007,2,59
"HYDROPHILIDAE",0,"3.2007",6.3,2007,3,34
"HYDROPHILIDAE",0,"4.2007",9.6,2007,4,11
"HYDROPHILIDAE",5,"5.2007",13.2,2007,5,61
"HYDROPHILIDAE",15,"6.2007",17.4,2007,6,110
"HYDROPHILIDAE",3,"7.2007",17.2,2007,7,144
"HYDROPHILIDAE",54,"8.2007",17.8,2007,8,69
"HYDROPHILIDAE",5,"9.2007",13.7,2007,9,72
"HYDROPHILIDAE",0,"10.2007",9.4,2007,10,30
"HYDROPHILIDAE",0,"11.2007",4.7,2007,11,37
"HYDROPHILIDAE",0,"12.2007",3.8,2007,12,54
"HYDROPHILIDAE",0,"1.2008",3.9,2008,1,61
"HYDROPHILIDAE",0,"2.2008",4.9,2008,2,30
"HYDROPHILIDAE",0,"3.2008",4.3,2008,3,59
"HYDROPHILIDAE",0,"4.2008",8.1,2008,4,47
"HYDROPHILIDAE",10,"5.2008",13.9,2008,5,23
"HYDROPHILIDAE",43,"6.2008",16.6,2008,6,33
"HYDROPHILIDAE",92,"7.2008",18.7,2008,7,56
"HYDROPHILIDAE",15,"8.2008",17.8,2008,8,128
"HYDROPHILIDAE",2,"9.2008",14,2008,9,52
"HYDROPHILIDAE",0,"10.2008",10.4,2008,10,76
"HYDROPHILIDAE",0,"11.2008",5.7,2008,11,56
"HYDROPHILIDAE",0,"12.2008",3,2008,12,50
"HYDROPHILIDAE",0,"1.2009",0.9,2009,1,28
"HYDROPHILIDAE",0,"2.2009",0.8,2009,2,38
"HYDROPHILIDAE",0,"3.2009",4,2009,3,39
"HYDROPHILIDAE",4,"4.2009",9.8,2009,4,6
"HYDROPHILIDAE",4,"5.2009",12.8,2009,5,58
"HYDROPHILIDAE",13,"6.2009",15,2009,6,68
"HYDROPHILIDAE",13,"7.2009",18.8,2009,7,83
"HYDROPHILIDAE",25,"8.2009",18.5,2009,8,45
"HYDROPHILIDAE",0,"9.2009",15.3,2009,9,41
"HYDROPHILIDAE",0,"10.2009",8.4,2009,10,70
"HYDROPHILIDAE",0,"11.2009",6.6,2009,11,89
"HYDROPHILIDAE",0,"12.2009",1,2009,12,49
"MELYRIDAE",0,"1.1992",2.4,1992,1,34
"MELYRIDAE",0,"2.1992",3.5,1992,2,38
"MELYRIDAE",0,"3.1992",4.7,1992,3,56
"MELYRIDAE",0,"4.1992",7.1,1992,4,54
"MELYRIDAE",0,"5.1992",13.8,1992,5,18
"MELYRIDAE",1,"6.1992",18.5,1992,6,1
"MELYRIDAE",0,"7.1992",19.1,1992,7,51
"MELYRIDAE",0,"8.1992",17.7,1992,8,104
"MELYRIDAE",0,"9.1992",13.7,1992,9,37
"MELYRIDAE",0,"10.1992",7.1,1992,10,67
"MELYRIDAE",0,"11.1992",4.6,1992,11,96
"MELYRIDAE",0,"12.1992",2.9,1992,12,42
"MELYRIDAE",0,"1.1993",2.1,1993,1,74
"MELYRIDAE",0,"2.1993",1.6,1993,2,27
"MELYRIDAE",0,"3.1993",3.4,1993,3,16
"MELYRIDAE",0,"4.1993",8.3,1993,4,15
"MELYRIDAE",0,"5.1993",14.2,1993,5,23
"MELYRIDAE",2,"6.1993",15.2,1993,6,34
"MELYRIDAE",0,"7.1993",15.8,1993,7,114
"MELYRIDAE",0,"8.1993",15.2,1993,8,64
"MELYRIDAE",0,"9.1993",11.7,1993,9,95
"MELYRIDAE",0,"10.1993",8.1,1993,10,66
"MELYRIDAE",0,"11.1993",1.9,1993,11,40
"MELYRIDAE",0,"12.1993",2.9,1993,12,91
"MELYRIDAE",0,"1.1994",2.9,1994,1,84
"MELYRIDAE",0,"2.1994",-0.9,1994,2,46
"MELYRIDAE",0,"3.1994",3.8,1994,3,79
"MELYRIDAE",0,"4.1994",8.3,1994,4,41
"MELYRIDAE",1,"5.1994",11.7,1994,5,30
"MELYRIDAE",8,"6.1994",14.5,1994,6,61
"MELYRIDAE",5,"7.1994",20.6,1994,7,4
"MELYRIDAE",0,"8.1994",18.3,1994,8,84
"MELYRIDAE",0,"9.1994",13.7,1994,9,143
"MELYRIDAE",0,"10.1994",8.5,1994,10,48
"MELYRIDAE",0,"11.1994",6,1994,11,49
"MELYRIDAE",0,"12.1994",4.4,1994,12,95
"MELYRIDAE",0,"1.1995",0.6,1995,1,84
"MELYRIDAE",0,"2.1995",4,1995,2,68
"MELYRIDAE",0,"3.1995",3.5,1995,3,37
"MELYRIDAE",1,"4.1995",7,1995,4,53
"MELYRIDAE",0,"5.1995",11.3,1995,5,53
"MELYRIDAE",1,"6.1995",15.4,1995,6,53
"MELYRIDAE",0,"7.1995",18.7,1995,7,40
"MELYRIDAE",0,"8.1995",19.3,1995,8,24
"MELYRIDAE",0,"9.1995",13.9,1995,9,89
"MELYRIDAE",0,"10.1995",12.2,1995,10,40
"MELYRIDAE",0,"11.1995",3,1995,11,42
"MELYRIDAE",0,"12.1995",-1.4,1995,12,22
"MELYRIDAE",0,"1.1996",-1.6,1996,1,7
"MELYRIDAE",0,"2.1996",-2.7,1996,2,28
"MELYRIDAE",0,"3.1996",0.3,1996,3,13
"MELYRIDAE",0,"4.1996",7.6,1996,4,18
"MELYRIDAE",0,"5.1996",9.8,1996,5,90
"MELYRIDAE",25,"6.1996",15,1996,6,36
"MELYRIDAE",11,"7.1996",15.9,1996,7,57
"MELYRIDAE",2,"8.1996",18.7,1996,8,43
"MELYRIDAE",0,"9.1996",12.3,1996,9,55
"MELYRIDAE",0,"10.1996",10.3,1996,10,42
"MELYRIDAE",0,"11.1996",4.9,1996,11,69
"MELYRIDAE",0,"12.1996",-0.5,1996,12,28
"MELYRIDAE",0,"1.1997",-1.2,1997,1,5
"MELYRIDAE",0,"2.1997",3.2,1997,2,61
"MELYRIDAE",0,"3.1997",4.1,1997,3,20
"MELYRIDAE",0,"4.1997",6.3,1997,4,30
"MELYRIDAE",0,"5.1997",10.8,1997,5,73
"MELYRIDAE",1,"6.1997",16.2,1997,6,51
"MELYRIDAE",1,"7.1997",18.7,1997,7,55
"MELYRIDAE",0,"8.1997",20.6,1997,8,25
"MELYRIDAE",0,"9.1997",14.8,1997,9,41
"MELYRIDAE",0,"10.1997",8.4,1997,10,69
"MELYRIDAE",0,"11.1997",3.9,1997,11,44
"MELYRIDAE",0,"12.1997",2.7,1997,12,52
"MELYRIDAE",0,"1.1998",2.9,1998,1,49
"MELYRIDAE",0,"2.1998",5.1,1998,2,51
"MELYRIDAE",0,"3.1998",3.7,1998,3,48
"MELYRIDAE",0,"4.1998",7.7,1998,4,60
"MELYRIDAE",6,"5.1998",13,1998,5,33
"MELYRIDAE",28,"6.1998",15.4,1998,6,85
"MELYRIDAE",8,"7.1998",15.9,1998,7,97
"MELYRIDAE",0,"8.1998",15.7,1998,8,58
"MELYRIDAE",0,"9.1998",14.3,1998,9,70
"MELYRIDAE",0,"10.1998",9.3,1998,10,118
"MELYRIDAE",0,"11.1998",1.5,1998,11,43
"MELYRIDAE",0,"12.1998",1.2,1998,12,59
"MELYRIDAE",0,"1.1999",2.2,1999,1,64
"MELYRIDAE",0,"2.1999",1,1999,2,48
"MELYRIDAE",0,"3.1999",4.1,1999,3,45
"MELYRIDAE",1,"4.1999",8.4,1999,4,52
"MELYRIDAE",4,"5.1999",11.6,1999,5,57
"MELYRIDAE",2,"6.1999",15.7,1999,6,106
"MELYRIDAE",0,"7.1999",19,1999,7,40
"MELYRIDAE",0,"8.1999",17.7,1999,8,109
"MELYRIDAE",0,"9.1999",16.8,1999,9,51
"MELYRIDAE",0,"10.1999",9.8,1999,10,55
"MELYRIDAE",0,"11.1999",5.3,1999,11,29
"MELYRIDAE",0,"12.1999",2.8,1999,12,112
"MELYRIDAE",0,"1.2000",2.6,2000,1,44
"MELYRIDAE",0,"2.2000",3.9,2000,2,44
"MELYRIDAE",0,"3.2000",4.2,2000,3,55
"MELYRIDAE",0,"4.2000",9.5,2000,4,44
"MELYRIDAE",17,"5.2000",13.9,2000,5,35
"MELYRIDAE",7,"6.2000",15.5,2000,6,81
"MELYRIDAE",0,"7.2000",16.4,2000,7,39
"MELYRIDAE",0,"8.2000",16.6,2000,8,47
"MELYRIDAE",0,"9.2000",13.7,2000,9,67
"MELYRIDAE",0,"10.2000",12.1,2000,10,61
"MELYRIDAE",0,"11.2000",7.1,2000,11,67
"MELYRIDAE",0,"12.2000",4.3,2000,12,58
"MELYRIDAE",0,"1.2001",1.8,2001,1,39
"MELYRIDAE",0,"2.2001",1,2001,2,40
"MELYRIDAE",0,"3.2001",1.9,2001,3,28
"MELYRIDAE",0,"4.2001",6.6,2001,4,55
"MELYRIDAE",2,"5.2001",12.8,2001,5,27
"MELYRIDAE",2,"6.2001",14.6,2001,6,61
"MELYRIDAE",1,"7.2001",19,2001,7,37
"MELYRIDAE",0,"8.2001",18,2001,8,102
"MELYRIDAE",0,"9.2001",13.3,2001,9,117
"MELYRIDAE",0,"10.2001",12.4,2001,10,42
"MELYRIDAE",0,"11.2001",4.9,2001,11,46
"MELYRIDAE",0,"12.2001",0.9,2001,12,49
"MELYRIDAE",0,"1.2002",2.7,2002,1,68
"MELYRIDAE",0,"2.2002",4.7,2002,2,82
"MELYRIDAE",0,"3.2002",4.9,2002,3,29
"MELYRIDAE",0,"4.2002",7.8,2002,4,31
"MELYRIDAE",10,"5.2002",13.7,2002,5,53
"MELYRIDAE",4,"6.2002",17,2002,6,78
"MELYRIDAE",2,"7.2002",18.5,2002,7,89
"MELYRIDAE",0,"8.2002",20.3,2002,8,65
"MELYRIDAE",0,"9.2002",15.6,2002,9,36
"MELYRIDAE",0,"10.2002",7.9,2002,10,111
"MELYRIDAE",0,"11.2002",3.9,2002,11,66
"MELYRIDAE",0,"12.2002",-0.1,2002,12,26
"MELYRIDAE",0,"1.2003",0.2,2003,1,42
"MELYRIDAE",0,"2.2003",-1.2,2003,2,10
"MELYRIDAE",0,"3.2003",3.4,2003,3,10
"MELYRIDAE",0,"4.2003",7.4,2003,4,42
"MELYRIDAE",3,"5.2003",13,2003,5,57
"MELYRIDAE",4,"6.2003",17.3,2003,6,49
"MELYRIDAE",0,"7.2003",19.2,2003,7,86
"MELYRIDAE",0,"8.2003",18.9,2003,8,43
"MELYRIDAE",0,"9.2003",14.9,2003,9,45
"MELYRIDAE",0,"10.2003",7.3,2003,10,48
"MELYRIDAE",0,"11.2003",6.1,2003,11,44
"MELYRIDAE",0,"12.2003",4,2003,12,52
"MELYRIDAE",0,"1.2004",-0.6,2004,1,61
"MELYRIDAE",0,"2.2004",2.1,2004,2,36
"MELYRIDAE",0,"3.2004",4.1,2004,3,35
"MELYRIDAE",0,"4.2004",8.7,2004,4,31
"MELYRIDAE",35,"5.2004",12.5,2004,5,30
"MELYRIDAE",13,"6.2004",14.9,2004,6,68
"MELYRIDAE",3,"7.2004",16.3,2004,7,113
"MELYRIDAE",0,"8.2004",18.7,2004,8,85
"MELYRIDAE",0,"9.2004",14.6,2004,9,49
"MELYRIDAE",0,"10.2004",10.1,2004,10,79
"MELYRIDAE",0,"11.2004",4.8,2004,11,48
"MELYRIDAE",0,"12.2004",4,2004,12,53
"MELYRIDAE",0,"1.2005",3.4,2005,1,45
"MELYRIDAE",0,"2.2005",0.4,2005,2,45
"MELYRIDAE",0,"3.2005",1.6,2005,3,36
"MELYRIDAE",0,"4.2005",8.1,2005,4,14
"MELYRIDAE",34,"5.2005",12.2,2005,5,46
"MELYRIDAE",2,"6.2005",15.4,2005,6,45
"MELYRIDAE",2,"7.2005",18.7,2005,7,82
"MELYRIDAE",0,"8.2005",16.6,2005,8,61
"MELYRIDAE",0,"9.2005",15.4,2005,9,27
"MELYRIDAE",0,"10.2005",11.6,2005,10,50
"MELYRIDAE",0,"11.2005",5.6,2005,11,40
"MELYRIDAE",0,"12.2005",2.5,2005,12,57
"MELYRIDAE",0,"1.2006",-1.4,2006,1,20
"MELYRIDAE",0,"2.2006",0.4,2006,2,45
"MELYRIDAE",0,"3.2006",0.2,2006,3,39
"MELYRIDAE",0,"4.2006",6.9,2006,4,45
"MELYRIDAE",0,"5.2006",12.3,2006,5,66
"MELYRIDAE",39,"6.2006",16.7,2006,6,30
"MELYRIDAE",6,"7.2006",21.2,2006,7,23
"MELYRIDAE",0,"8.2006",18.2,2006,8,156
"MELYRIDAE",0,"9.2006",16.8,2006,9,35
"MELYRIDAE",0,"10.2006",12.9,2006,10,77
"MELYRIDAE",0,"11.2006",7.5,2006,11,70
"MELYRIDAE",0,"12.2006",6.9,2006,12,60
"MELYRIDAE",0,"1.2007",5,2007,1,92
"MELYRIDAE",0,"2.2007",2.3,2007,2,59
"MELYRIDAE",0,"3.2007",6.3,2007,3,34
"MELYRIDAE",1,"4.2007",9.6,2007,4,11
"MELYRIDAE",6,"5.2007",13.2,2007,5,61
"MELYRIDAE",6,"6.2007",17.4,2007,6,110
"MELYRIDAE",0,"7.2007",17.2,2007,7,144
"MELYRIDAE",0,"8.2007",17.8,2007,8,69
"MELYRIDAE",0,"9.2007",13.7,2007,9,72
"MELYRIDAE",0,"10.2007",9.4,2007,10,30
"MELYRIDAE",0,"11.2007",4.7,2007,11,37
"MELYRIDAE",0,"12.2007",3.8,2007,12,54
"MELYRIDAE",0,"1.2008",3.9,2008,1,61
"MELYRIDAE",0,"2.2008",4.9,2008,2,30
"MELYRIDAE",0,"3.2008",4.3,2008,3,59
"MELYRIDAE",0,"4.2008",8.1,2008,4,47
"MELYRIDAE",294,"5.2008",13.9,2008,5,23
"MELYRIDAE",30,"6.2008",16.6,2008,6,33
"MELYRIDAE",1,"7.2008",18.7,2008,7,56
"MELYRIDAE",0,"8.2008",17.8,2008,8,128
"MELYRIDAE",0,"9.2008",14,2008,9,52
"MELYRIDAE",0,"10.2008",10.4,2008,10,76
"MELYRIDAE",0,"11.2008",5.7,2008,11,56
"MELYRIDAE",0,"12.2008",3,2008,12,50
"MELYRIDAE",0,"1.2009",0.9,2009,1,28
"MELYRIDAE",0,"2.2009",0.8,2009,2,38
"MELYRIDAE",0,"3.2009",4,2009,3,39
"MELYRIDAE",0,"4.2009",9.8,2009,4,6
"MELYRIDAE",6,"5.2009",12.8,2009,5,58
"MELYRIDAE",0,"6.2009",15,2009,6,68
"MELYRIDAE",0,"7.2009",18.8,2009,7,83
"MELYRIDAE",0,"8.2009",18.5,2009,8,45
"MELYRIDAE",0,"9.2009",15.3,2009,9,41
"MELYRIDAE",0,"10.2009",8.4,2009,10,70
"MELYRIDAE",0,"11.2009",6.6,2009,11,89
"MELYRIDAE",0,"12.2009",1,2009,12,49
"SCARABAEIDAE",0,"1.1992",2.4,1992,1,34
"SCARABAEIDAE",0,"2.1992",3.5,1992,2,38
"SCARABAEIDAE",0,"3.1992",4.7,1992,3,56
"SCARABAEIDAE",0,"4.1992",7.1,1992,4,54
"SCARABAEIDAE",0,"5.1992",13.8,1992,5,18
"SCARABAEIDAE",6,"6.1992",18.5,1992,6,1
"SCARABAEIDAE",20,"7.1992",19.1,1992,7,51
"SCARABAEIDAE",0,"8.1992",17.7,1992,8,104
"SCARABAEIDAE",0,"9.1992",13.7,1992,9,37
"SCARABAEIDAE",0,"10.1992",7.1,1992,10,67
"SCARABAEIDAE",0,"11.1992",4.6,1992,11,96
"SCARABAEIDAE",0,"12.1992",2.9,1992,12,42
"SCARABAEIDAE",0,"1.1993",2.1,1993,1,74
"SCARABAEIDAE",0,"2.1993",1.6,1993,2,27
"SCARABAEIDAE",0,"3.1993",3.4,1993,3,16
"SCARABAEIDAE",0,"4.1993",8.3,1993,4,15
"SCARABAEIDAE",0,"5.1993",14.2,1993,5,23
"SCARABAEIDAE",7,"6.1993",15.2,1993,6,34
"SCARABAEIDAE",2,"7.1993",15.8,1993,7,114
"SCARABAEIDAE",0,"8.1993",15.2,1993,8,64
"SCARABAEIDAE",1,"9.1993",11.7,1993,9,95
"SCARABAEIDAE",0,"10.1993",8.1,1993,10,66
"SCARABAEIDAE",0,"11.1993",1.9,1993,11,40
"SCARABAEIDAE",0,"12.1993",2.9,1993,12,91
"SCARABAEIDAE",0,"1.1994",2.9,1994,1,84
"SCARABAEIDAE",0,"2.1994",-0.9,1994,2,46
"SCARABAEIDAE",0,"3.1994",3.8,1994,3,79
"SCARABAEIDAE",0,"4.1994",8.3,1994,4,41
"SCARABAEIDAE",0,"5.1994",11.7,1994,5,30
"SCARABAEIDAE",2,"6.1994",14.5,1994,6,61
"SCARABAEIDAE",8,"7.1994",20.6,1994,7,4
"SCARABAEIDAE",1,"8.1994",18.3,1994,8,84
"SCARABAEIDAE",2,"9.1994",13.7,1994,9,143
"SCARABAEIDAE",0,"10.1994",8.5,1994,10,48
"SCARABAEIDAE",0,"11.1994",6,1994,11,49
"SCARABAEIDAE",0,"12.1994",4.4,1994,12,95
"SCARABAEIDAE",0,"1.1995",0.6,1995,1,84
"SCARABAEIDAE",0,"2.1995",4,1995,2,68
"SCARABAEIDAE",0,"3.1995",3.5,1995,3,37
"SCARABAEIDAE",0,"4.1995",7,1995,4,53
"SCARABAEIDAE",0,"5.1995",11.3,1995,5,53
"SCARABAEIDAE",6,"6.1995",15.4,1995,6,53
"SCARABAEIDAE",5,"7.1995",18.7,1995,7,40
"SCARABAEIDAE",1,"8.1995",19.3,1995,8,24
"SCARABAEIDAE",1,"9.1995",13.9,1995,9,89
"SCARABAEIDAE",0,"10.1995",12.2,1995,10,40
"SCARABAEIDAE",0,"11.1995",3,1995,11,42
"SCARABAEIDAE",0,"12.1995",-1.4,1995,12,22
"SCARABAEIDAE",0,"1.1996",-1.6,1996,1,7
"SCARABAEIDAE",0,"2.1996",-2.7,1996,2,28
"SCARABAEIDAE",0,"3.1996",0.3,1996,3,13
"SCARABAEIDAE",0,"4.1996",7.6,1996,4,18
"SCARABAEIDAE",0,"5.1996",9.8,1996,5,90
"SCARABAEIDAE",3,"6.1996",15,1996,6,36
"SCARABAEIDAE",12,"7.1996",15.9,1996,7,57
"SCARABAEIDAE",2,"8.1996",18.7,1996,8,43
"SCARABAEIDAE",1,"9.1996",12.3,1996,9,55
"SCARABAEIDAE",0,"10.1996",10.3,1996,10,42
"SCARABAEIDAE",0,"11.1996",4.9,1996,11,69
"SCARABAEIDAE",0,"12.1996",-0.5,1996,12,28
"SCARABAEIDAE",0,"1.1997",-1.2,1997,1,5
"SCARABAEIDAE",0,"2.1997",3.2,1997,2,61
"SCARABAEIDAE",0,"3.1997",4.1,1997,3,20
"SCARABAEIDAE",0,"4.1997",6.3,1997,4,30
"SCARABAEIDAE",0,"5.1997",10.8,1997,5,73
"SCARABAEIDAE",4,"6.1997",16.2,1997,6,51
"SCARABAEIDAE",17,"7.1997",18.7,1997,7,55
"SCARABAEIDAE",1,"8.1997",20.6,1997,8,25
"SCARABAEIDAE",0,"9.1997",14.8,1997,9,41
"SCARABAEIDAE",0,"10.1997",8.4,1997,10,69
"SCARABAEIDAE",0,"11.1997",3.9,1997,11,44
"SCARABAEIDAE",0,"12.1997",2.7,1997,12,52
"SCARABAEIDAE",0,"1.1998",2.9,1998,1,49
"SCARABAEIDAE",0,"2.1998",5.1,1998,2,51
"SCARABAEIDAE",0,"3.1998",3.7,1998,3,48
"SCARABAEIDAE",0,"4.1998",7.7,1998,4,60
"SCARABAEIDAE",2,"5.1998",13,1998,5,33
"SCARABAEIDAE",10,"6.1998",15.4,1998,6,85
"SCARABAEIDAE",16,"7.1998",15.9,1998,7,97
"SCARABAEIDAE",1,"8.1998",15.7,1998,8,58
"SCARABAEIDAE",1,"9.1998",14.3,1998,9,70
"SCARABAEIDAE",0,"10.1998",9.3,1998,10,118
"SCARABAEIDAE",0,"11.1998",1.5,1998,11,43
"SCARABAEIDAE",0,"12.1998",1.2,1998,12,59
"SCARABAEIDAE",0,"1.1999",2.2,1999,1,64
"SCARABAEIDAE",0,"2.1999",1,1999,2,48
"SCARABAEIDAE",0,"3.1999",4.1,1999,3,45
"SCARABAEIDAE",1,"4.1999",8.4,1999,4,52
"SCARABAEIDAE",1,"5.1999",11.6,1999,5,57
"SCARABAEIDAE",10,"6.1999",15.7,1999,6,106
"SCARABAEIDAE",8,"7.1999",19,1999,7,40
"SCARABAEIDAE",0,"8.1999",17.7,1999,8,109
"SCARABAEIDAE",1,"9.1999",16.8,1999,9,51
"SCARABAEIDAE",0,"10.1999",9.8,1999,10,55
"SCARABAEIDAE",0,"11.1999",5.3,1999,11,29
"SCARABAEIDAE",0,"12.1999",2.8,1999,12,112
"SCARABAEIDAE",0,"1.2000",2.6,2000,1,44
"SCARABAEIDAE",0,"2.2000",3.9,2000,2,44
"SCARABAEIDAE",0,"3.2000",4.2,2000,3,55
"SCARABAEIDAE",0,"4.2000",9.5,2000,4,44
"SCARABAEIDAE",3,"5.2000",13.9,2000,5,35
"SCARABAEIDAE",9,"6.2000",15.5,2000,6,81
"SCARABAEIDAE",15,"7.2000",16.4,2000,7,39
"SCARABAEIDAE",3,"8.2000",16.6,2000,8,47
"SCARABAEIDAE",1,"9.2000",13.7,2000,9,67
"SCARABAEIDAE",0,"10.2000",12.1,2000,10,61
"SCARABAEIDAE",0,"11.2000",7.1,2000,11,67
"SCARABAEIDAE",0,"12.2000",4.3,2000,12,58
"SCARABAEIDAE",0,"1.2001",1.8,2001,1,39
"SCARABAEIDAE",0,"2.2001",1,2001,2,40
"SCARABAEIDAE",0,"3.2001",1.9,2001,3,28
"SCARABAEIDAE",0,"4.2001",6.6,2001,4,55
"SCARABAEIDAE",1,"5.2001",12.8,2001,5,27
"SCARABAEIDAE",16,"6.2001",14.6,2001,6,61
"SCARABAEIDAE",15,"7.2001",19,2001,7,37
"SCARABAEIDAE",4,"8.2001",18,2001,8,102
"SCARABAEIDAE",1,"9.2001",13.3,2001,9,117
"SCARABAEIDAE",0,"10.2001",12.4,2001,10,42
"SCARABAEIDAE",0,"11.2001",4.9,2001,11,46
"SCARABAEIDAE",0,"12.2001",0.9,2001,12,49
"SCARABAEIDAE",0,"1.2002",2.7,2002,1,68
"SCARABAEIDAE",0,"2.2002",4.7,2002,2,82
"SCARABAEIDAE",0,"3.2002",4.9,2002,3,29
"SCARABAEIDAE",0,"4.2002",7.8,2002,4,31
"SCARABAEIDAE",2,"5.2002",13.7,2002,5,53
"SCARABAEIDAE",23,"6.2002",17,2002,6,78
"SCARABAEIDAE",35,"7.2002",18.5,2002,7,89
"SCARABAEIDAE",4,"8.2002",20.3,2002,8,65
"SCARABAEIDAE",0,"9.2002",15.6,2002,9,36
"SCARABAEIDAE",0,"10.2002",7.9,2002,10,111
"SCARABAEIDAE",0,"11.2002",3.9,2002,11,66
"SCARABAEIDAE",0,"12.2002",-0.1,2002,12,26
"SCARABAEIDAE",0,"1.2003",0.2,2003,1,42
"SCARABAEIDAE",0,"2.2003",-1.2,2003,2,10
"SCARABAEIDAE",0,"3.2003",3.4,2003,3,10
"SCARABAEIDAE",0,"4.2003",7.4,2003,4,42
"SCARABAEIDAE",4,"5.2003",13,2003,5,57
"SCARABAEIDAE",23,"6.2003",17.3,2003,6,49
"SCARABAEIDAE",22,"7.2003",19.2,2003,7,86
"SCARABAEIDAE",3,"8.2003",18.9,2003,8,43
"SCARABAEIDAE",0,"9.2003",14.9,2003,9,45
"SCARABAEIDAE",0,"10.2003",7.3,2003,10,48
"SCARABAEIDAE",0,"11.2003",6.1,2003,11,44
"SCARABAEIDAE",0,"12.2003",4,2003,12,52
"SCARABAEIDAE",0,"1.2004",-0.6,2004,1,61
"SCARABAEIDAE",0,"2.2004",2.1,2004,2,36
"SCARABAEIDAE",0,"3.2004",4.1,2004,3,35
"SCARABAEIDAE",0,"4.2004",8.7,2004,4,31
"SCARABAEIDAE",10,"5.2004",12.5,2004,5,30
"SCARABAEIDAE",3,"6.2004",14.9,2004,6,68
"SCARABAEIDAE",48,"7.2004",16.3,2004,7,113
"SCARABAEIDAE",2,"8.2004",18.7,2004,8,85
"SCARABAEIDAE",1,"9.2004",14.6,2004,9,49
"SCARABAEIDAE",0,"10.2004",10.1,2004,10,79
"SCARABAEIDAE",0,"11.2004",4.8,2004,11,48
"SCARABAEIDAE",0,"12.2004",4,2004,12,53
"SCARABAEIDAE",0,"1.2005",3.4,2005,1,45
"SCARABAEIDAE",0,"2.2005",0.4,2005,2,45
"SCARABAEIDAE",0,"3.2005",1.6,2005,3,36
"SCARABAEIDAE",0,"4.2005",8.1,2005,4,14
"SCARABAEIDAE",15,"5.2005",12.2,2005,5,46
"SCARABAEIDAE",19,"6.2005",15.4,2005,6,45
"SCARABAEIDAE",56,"7.2005",18.7,2005,7,82
"SCARABAEIDAE",2,"8.2005",16.6,2005,8,61
"SCARABAEIDAE",1,"9.2005",15.4,2005,9,27
"SCARABAEIDAE",0,"10.2005",11.6,2005,10,50
"SCARABAEIDAE",0,"11.2005",5.6,2005,11,40
"SCARABAEIDAE",0,"12.2005",2.5,2005,12,57
"SCARABAEIDAE",0,"1.2006",-1.4,2006,1,20
"SCARABAEIDAE",0,"2.2006",0.4,2006,2,45
"SCARABAEIDAE",0,"3.2006",0.2,2006,3,39
"SCARABAEIDAE",0,"4.2006",6.9,2006,4,45
"SCARABAEIDAE",2,"5.2006",12.3,2006,5,66
"SCARABAEIDAE",6,"6.2006",16.7,2006,6,30
"SCARABAEIDAE",30,"7.2006",21.2,2006,7,23
"SCARABAEIDAE",5,"8.2006",18.2,2006,8,156
"SCARABAEIDAE",1,"9.2006",16.8,2006,9,35
"SCARABAEIDAE",0,"10.2006",12.9,2006,10,77
"SCARABAEIDAE",0,"11.2006",7.5,2006,11,70
"SCARABAEIDAE",0,"12.2006",6.9,2006,12,60
"SCARABAEIDAE",0,"1.2007",5,2007,1,92
"SCARABAEIDAE",0,"2.2007",2.3,2007,2,59
"SCARABAEIDAE",0,"3.2007",6.3,2007,3,34
"SCARABAEIDAE",0,"4.2007",9.6,2007,4,11
"SCARABAEIDAE",9,"5.2007",13.2,2007,5,61
"SCARABAEIDAE",30,"6.2007",17.4,2007,6,110
"SCARABAEIDAE",13,"7.2007",17.2,2007,7,144
"SCARABAEIDAE",0,"8.2007",17.8,2007,8,69
"SCARABAEIDAE",1,"9.2007",13.7,2007,9,72
"SCARABAEIDAE",0,"10.2007",9.4,2007,10,30
"SCARABAEIDAE",0,"11.2007",4.7,2007,11,37
"SCARABAEIDAE",0,"12.2007",3.8,2007,12,54
"SCARABAEIDAE",0,"1.2008",3.9,2008,1,61
"SCARABAEIDAE",0,"2.2008",4.9,2008,2,30
"SCARABAEIDAE",0,"3.2008",4.3,2008,3,59
"SCARABAEIDAE",0,"4.2008",8.1,2008,4,47
"SCARABAEIDAE",2,"5.2008",13.9,2008,5,23
"SCARABAEIDAE",3,"6.2008",16.6,2008,6,33
"SCARABAEIDAE",21,"7.2008",18.7,2008,7,56
"SCARABAEIDAE",2,"8.2008",17.8,2008,8,128
"SCARABAEIDAE",0,"9.2008",14,2008,9,52
"SCARABAEIDAE",0,"10.2008",10.4,2008,10,76
"SCARABAEIDAE",0,"11.2008",5.7,2008,11,56
"SCARABAEIDAE",0,"12.2008",3,2008,12,50
"SCARABAEIDAE",0,"1.2009",0.9,2009,1,28
"SCARABAEIDAE",0,"2.2009",0.8,2009,2,38
"SCARABAEIDAE",0,"3.2009",4,2009,3,39
"SCARABAEIDAE",0,"4.2009",9.8,2009,4,6
"SCARABAEIDAE",11,"5.2009",12.8,2009,5,58
"SCARABAEIDAE",18,"6.2009",15,2009,6,68
"SCARABAEIDAE",12,"7.2009",18.8,2009,7,83
"SCARABAEIDAE",1,"8.2009",18.5,2009,8,45
"SCARABAEIDAE",0,"9.2009",15.3,2009,9,41
"SCARABAEIDAE",0,"10.2009",8.4,2009,10,70
"SCARABAEIDAE",0,"11.2009",6.6,2009,11,89
"SCARABAEIDAE",0,"12.2009",1,2009,12,49
"STAPHYLINIDAE",0,"1.1992",2.4,1992,1,34
"STAPHYLINIDAE",0,"2.1992",3.5,1992,2,38
"STAPHYLINIDAE",0,"3.1992",4.7,1992,3,56
"STAPHYLINIDAE",0,"4.1992",7.1,1992,4,54
"STAPHYLINIDAE",0,"5.1992",13.8,1992,5,18
"STAPHYLINIDAE",7,"6.1992",18.5,1992,6,1
"STAPHYLINIDAE",26,"7.1992",19.1,1992,7,51
"STAPHYLINIDAE",9,"8.1992",17.7,1992,8,104
"STAPHYLINIDAE",0,"9.1992",13.7,1992,9,37
"STAPHYLINIDAE",0,"10.1992",7.1,1992,10,67
"STAPHYLINIDAE",0,"11.1992",4.6,1992,11,96
"STAPHYLINIDAE",0,"12.1992",2.9,1992,12,42
"STAPHYLINIDAE",0,"1.1993",2.1,1993,1,74
"STAPHYLINIDAE",0,"2.1993",1.6,1993,2,27
"STAPHYLINIDAE",0,"3.1993",3.4,1993,3,16
"STAPHYLINIDAE",4,"4.1993",8.3,1993,4,15
"STAPHYLINIDAE",3,"5.1993",14.2,1993,5,23
"STAPHYLINIDAE",0,"6.1993",15.2,1993,6,34
"STAPHYLINIDAE",1,"7.1993",15.8,1993,7,114
"STAPHYLINIDAE",0,"8.1993",15.2,1993,8,64
"STAPHYLINIDAE",1,"9.1993",11.7,1993,9,95
"STAPHYLINIDAE",1,"10.1993",8.1,1993,10,66
"STAPHYLINIDAE",0,"11.1993",1.9,1993,11,40
"STAPHYLINIDAE",0,"12.1993",2.9,1993,12,91
"STAPHYLINIDAE",0,"1.1994",2.9,1994,1,84
"STAPHYLINIDAE",0,"2.1994",-0.9,1994,2,46
"STAPHYLINIDAE",0,"3.1994",3.8,1994,3,79
"STAPHYLINIDAE",0,"4.1994",8.3,1994,4,41
"STAPHYLINIDAE",0,"5.1994",11.7,1994,5,30
"STAPHYLINIDAE",8,"6.1994",14.5,1994,6,61
"STAPHYLINIDAE",382,"7.1994",20.6,1994,7,4
"STAPHYLINIDAE",80,"8.1994",18.3,1994,8,84
"STAPHYLINIDAE",2,"9.1994",13.7,1994,9,143
"STAPHYLINIDAE",0,"10.1994",8.5,1994,10,48
"STAPHYLINIDAE",0,"11.1994",6,1994,11,49
"STAPHYLINIDAE",0,"12.1994",4.4,1994,12,95
"STAPHYLINIDAE",0,"1.1995",0.6,1995,1,84
"STAPHYLINIDAE",0,"2.1995",4,1995,2,68
"STAPHYLINIDAE",0,"3.1995",3.5,1995,3,37
"STAPHYLINIDAE",0,"4.1995",7,1995,4,53
"STAPHYLINIDAE",0,"5.1995",11.3,1995,5,53
"STAPHYLINIDAE",1,"6.1995",15.4,1995,6,53
"STAPHYLINIDAE",156,"7.1995",18.7,1995,7,40
"STAPHYLINIDAE",75,"8.1995",19.3,1995,8,24
"STAPHYLINIDAE",1,"9.1995",13.9,1995,9,89
"STAPHYLINIDAE",3,"10.1995",12.2,1995,10,40
"STAPHYLINIDAE",0,"11.1995",3,1995,11,42
"STAPHYLINIDAE",0,"12.1995",-1.4,1995,12,22
"STAPHYLINIDAE",0,"1.1996",-1.6,1996,1,7
"STAPHYLINIDAE",0,"2.1996",-2.7,1996,2,28
"STAPHYLINIDAE",0,"3.1996",0.3,1996,3,13
"STAPHYLINIDAE",0,"4.1996",7.6,1996,4,18
"STAPHYLINIDAE",0,"5.1996",9.8,1996,5,90
"STAPHYLINIDAE",4,"6.1996",15,1996,6,36
"STAPHYLINIDAE",4,"7.1996",15.9,1996,7,57
"STAPHYLINIDAE",5,"8.1996",18.7,1996,8,43
"STAPHYLINIDAE",1,"9.1996",12.3,1996,9,55
"STAPHYLINIDAE",0,"10.1996",10.3,1996,10,42
"STAPHYLINIDAE",0,"11.1996",4.9,1996,11,69
"STAPHYLINIDAE",0,"12.1996",-0.5,1996,12,28
"STAPHYLINIDAE",0,"1.1997",-1.2,1997,1,5
"STAPHYLINIDAE",0,"2.1997",3.2,1997,2,61
"STAPHYLINIDAE",0,"3.1997",4.1,1997,3,20
"STAPHYLINIDAE",0,"4.1997",6.3,1997,4,30
"STAPHYLINIDAE",1,"5.1997",10.8,1997,5,73
"STAPHYLINIDAE",3,"6.1997",16.2,1997,6,51
"STAPHYLINIDAE",83,"7.1997",18.7,1997,7,55
"STAPHYLINIDAE",230,"8.1997",20.6,1997,8,25
"STAPHYLINIDAE",9,"9.1997",14.8,1997,9,41
"STAPHYLINIDAE",1,"10.1997",8.4,1997,10,69
"STAPHYLINIDAE",0,"11.1997",3.9,1997,11,44
"STAPHYLINIDAE",0,"12.1997",2.7,1997,12,52
"STAPHYLINIDAE",0,"1.1998",2.9,1998,1,49
"STAPHYLINIDAE",0,"2.1998",5.1,1998,2,51
"STAPHYLINIDAE",0,"3.1998",3.7,1998,3,48
"STAPHYLINIDAE",0,"4.1998",7.7,1998,4,60
"STAPHYLINIDAE",0,"5.1998",13,1998,5,33
"STAPHYLINIDAE",6,"6.1998",15.4,1998,6,85
"STAPHYLINIDAE",40,"7.1998",15.9,1998,7,97
"STAPHYLINIDAE",3,"8.1998",15.7,1998,8,58
"STAPHYLINIDAE",0,"9.1998",14.3,1998,9,70
"STAPHYLINIDAE",0,"10.1998",9.3,1998,10,118
"STAPHYLINIDAE",0,"11.1998",1.5,1998,11,43
"STAPHYLINIDAE",0,"12.1998",1.2,1998,12,59
"STAPHYLINIDAE",0,"1.1999",2.2,1999,1,64
"STAPHYLINIDAE",0,"2.1999",1,1999,2,48
"STAPHYLINIDAE",0,"3.1999",4.1,1999,3,45
"STAPHYLINIDAE",0,"4.1999",8.4,1999,4,52
"STAPHYLINIDAE",1,"5.1999",11.6,1999,5,57
"STAPHYLINIDAE",9,"6.1999",15.7,1999,6,106
"STAPHYLINIDAE",1733,"7.1999",19,1999,7,40
"STAPHYLINIDAE",150,"8.1999",17.7,1999,8,109
"STAPHYLINIDAE",3,"9.1999",16.8,1999,9,51
"STAPHYLINIDAE",0,"10.1999",9.8,1999,10,55
"STAPHYLINIDAE",0,"11.1999",5.3,1999,11,29
"STAPHYLINIDAE",0,"12.1999",2.8,1999,12,112
"STAPHYLINIDAE",0,"1.2000",2.6,2000,1,44
"STAPHYLINIDAE",0,"2.2000",3.9,2000,2,44
"STAPHYLINIDAE",0,"3.2000",4.2,2000,3,55
"STAPHYLINIDAE",5,"4.2000",9.5,2000,4,44
"STAPHYLINIDAE",18,"5.2000",13.9,2000,5,35
"STAPHYLINIDAE",51,"6.2000",15.5,2000,6,81
"STAPHYLINIDAE",41,"7.2000",16.4,2000,7,39
"STAPHYLINIDAE",2,"8.2000",16.6,2000,8,47
"STAPHYLINIDAE",0,"9.2000",13.7,2000,9,67
"STAPHYLINIDAE",0,"10.2000",12.1,2000,10,61
"STAPHYLINIDAE",0,"11.2000",7.1,2000,11,67
"STAPHYLINIDAE",0,"12.2000",4.3,2000,12,58
"STAPHYLINIDAE",0,"1.2001",1.8,2001,1,39
"STAPHYLINIDAE",0,"2.2001",1,2001,2,40
"STAPHYLINIDAE",0,"3.2001",1.9,2001,3,28
"STAPHYLINIDAE",0,"4.2001",6.6,2001,4,55
"STAPHYLINIDAE",2,"5.2001",12.8,2001,5,27
"STAPHYLINIDAE",3,"6.2001",14.6,2001,6,61
"STAPHYLINIDAE",290,"7.2001",19,2001,7,37
"STAPHYLINIDAE",27,"8.2001",18,2001,8,102
"STAPHYLINIDAE",2,"9.2001",13.3,2001,9,117
"STAPHYLINIDAE",2,"10.2001",12.4,2001,10,42
"STAPHYLINIDAE",0,"11.2001",4.9,2001,11,46
"STAPHYLINIDAE",0,"12.2001",0.9,2001,12,49
"STAPHYLINIDAE",0,"1.2002",2.7,2002,1,68
"STAPHYLINIDAE",0,"2.2002",4.7,2002,2,82
"STAPHYLINIDAE",0,"3.2002",4.9,2002,3,29
"STAPHYLINIDAE",0,"4.2002",7.8,2002,4,31
"STAPHYLINIDAE",1,"5.2002",13.7,2002,5,53
"STAPHYLINIDAE",5,"6.2002",17,2002,6,78
"STAPHYLINIDAE",1481,"7.2002",18.5,2002,7,89
"STAPHYLINIDAE",155,"8.2002",20.3,2002,8,65
"STAPHYLINIDAE",1,"9.2002",15.6,2002,9,36
"STAPHYLINIDAE",0,"10.2002",7.9,2002,10,111
"STAPHYLINIDAE",0,"11.2002",3.9,2002,11,66
"STAPHYLINIDAE",0,"12.2002",-0.1,2002,12,26
"STAPHYLINIDAE",0,"1.2003",0.2,2003,1,42
"STAPHYLINIDAE",0,"2.2003",-1.2,2003,2,10
"STAPHYLINIDAE",0,"3.2003",3.4,2003,3,10
"STAPHYLINIDAE",0,"4.2003",7.4,2003,4,42
"STAPHYLINIDAE",1,"5.2003",13,2003,5,57
"STAPHYLINIDAE",23,"6.2003",17.3,2003,6,49
"STAPHYLINIDAE",370,"7.2003",19.2,2003,7,86
"STAPHYLINIDAE",77,"8.2003",18.9,2003,8,43
"STAPHYLINIDAE",1,"9.2003",14.9,2003,9,45
"STAPHYLINIDAE",0,"10.2003",7.3,2003,10,48
"STAPHYLINIDAE",1,"11.2003",6.1,2003,11,44
"STAPHYLINIDAE",0,"12.2003",4,2003,12,52
"STAPHYLINIDAE",0,"1.2004",-0.6,2004,1,61
"STAPHYLINIDAE",0,"2.2004",2.1,2004,2,36
"STAPHYLINIDAE",0,"3.2004",4.1,2004,3,35
"STAPHYLINIDAE",0,"4.2004",8.7,2004,4,31
"STAPHYLINIDAE",1,"5.2004",12.5,2004,5,30
"STAPHYLINIDAE",4,"6.2004",14.9,2004,6,68
"STAPHYLINIDAE",13,"7.2004",16.3,2004,7,113
"STAPHYLINIDAE",73,"8.2004",18.7,2004,8,85
"STAPHYLINIDAE",2,"9.2004",14.6,2004,9,49
"STAPHYLINIDAE",0,"10.2004",10.1,2004,10,79
"STAPHYLINIDAE",0,"11.2004",4.8,2004,11,48
"STAPHYLINIDAE",0,"12.2004",4,2004,12,53
"STAPHYLINIDAE",0,"1.2005",3.4,2005,1,45
"STAPHYLINIDAE",0,"2.2005",0.4,2005,2,45
"STAPHYLINIDAE",0,"3.2005",1.6,2005,3,36
"STAPHYLINIDAE",0,"4.2005",8.1,2005,4,14
"STAPHYLINIDAE",5,"5.2005",12.2,2005,5,46
"STAPHYLINIDAE",14,"6.2005",15.4,2005,6,45
"STAPHYLINIDAE",1278,"7.2005",18.7,2005,7,82
"STAPHYLINIDAE",37,"8.2005",16.6,2005,8,61
"STAPHYLINIDAE",6,"9.2005",15.4,2005,9,27
"STAPHYLINIDAE",0,"10.2005",11.6,2005,10,50
"STAPHYLINIDAE",1,"11.2005",5.6,2005,11,40
"STAPHYLINIDAE",0,"12.2005",2.5,2005,12,57
"STAPHYLINIDAE",0,"1.2006",-1.4,2006,1,20
"STAPHYLINIDAE",0,"2.2006",0.4,2006,2,45
"STAPHYLINIDAE",0,"3.2006",0.2,2006,3,39
"STAPHYLINIDAE",0,"4.2006",6.9,2006,4,45
"STAPHYLINIDAE",0,"5.2006",12.3,2006,5,66
"STAPHYLINIDAE",26,"6.2006",16.7,2006,6,30
"STAPHYLINIDAE",358,"7.2006",21.2,2006,7,23
"STAPHYLINIDAE",134,"8.2006",18.2,2006,8,156
"STAPHYLINIDAE",2,"9.2006",16.8,2006,9,35
"STAPHYLINIDAE",0,"10.2006",12.9,2006,10,77
"STAPHYLINIDAE",0,"11.2006",7.5,2006,11,70
"STAPHYLINIDAE",0,"12.2006",6.9,2006,12,60
"STAPHYLINIDAE",0,"1.2007",5,2007,1,92
"STAPHYLINIDAE",0,"2.2007",2.3,2007,2,59
"STAPHYLINIDAE",0,"3.2007",6.3,2007,3,34
"STAPHYLINIDAE",0,"4.2007",9.6,2007,4,11
"STAPHYLINIDAE",4,"5.2007",13.2,2007,5,61
"STAPHYLINIDAE",24,"6.2007",17.4,2007,6,110
"STAPHYLINIDAE",36,"7.2007",17.2,2007,7,144
"STAPHYLINIDAE",148,"8.2007",17.8,2007,8,69
"STAPHYLINIDAE",6,"9.2007",13.7,2007,9,72
"STAPHYLINIDAE",0,"10.2007",9.4,2007,10,30
"STAPHYLINIDAE",0,"11.2007",4.7,2007,11,37
"STAPHYLINIDAE",0,"12.2007",3.8,2007,12,54
"STAPHYLINIDAE",0,"1.2008",3.9,2008,1,61
"STAPHYLINIDAE",0,"2.2008",4.9,2008,2,30
"STAPHYLINIDAE",0,"3.2008",4.3,2008,3,59
"STAPHYLINIDAE",0,"4.2008",8.1,2008,4,47
"STAPHYLINIDAE",8,"5.2008",13.9,2008,5,23
"STAPHYLINIDAE",7,"6.2008",16.6,2008,6,33
"STAPHYLINIDAE",463,"7.2008",18.7,2008,7,56
"STAPHYLINIDAE",28,"8.2008",17.8,2008,8,128
"STAPHYLINIDAE",3,"9.2008",14,2008,9,52
"STAPHYLINIDAE",0,"10.2008",10.4,2008,10,76
"STAPHYLINIDAE",0,"11.2008",5.7,2008,11,56
"STAPHYLINIDAE",0,"12.2008",3,2008,12,50
"STAPHYLINIDAE",0,"1.2009",0.9,2009,1,28
"STAPHYLINIDAE",0,"2.2009",0.8,2009,2,38
"STAPHYLINIDAE",1,"3.2009",4,2009,3,39
"STAPHYLINIDAE",0,"4.2009",9.8,2009,4,6
"STAPHYLINIDAE",2,"5.2009",12.8,2009,5,58
"STAPHYLINIDAE",46,"6.2009",15,2009,6,68
"STAPHYLINIDAE",31,"7.2009",18.8,2009,7,83
"STAPHYLINIDAE",32,"8.2009",18.5,2009,8,45
"STAPHYLINIDAE",0,"9.2009",15.3,2009,9,41
"STAPHYLINIDAE",0,"10.2009",8.4,2009,10,70
"STAPHYLINIDAE",0,"11.2009",6.6,2009,11,89
"STAPHYLINIDAE",0,"12.2009",1,2009,12,49
"TENEBRIONIDAE",0,"1.1992",2.4,1992,1,34
"TENEBRIONIDAE",0,"2.1992",3.5,1992,2,38
"TENEBRIONIDAE",0,"3.1992",4.7,1992,3,56
"TENEBRIONIDAE",0,"4.1992",7.1,1992,4,54
"TENEBRIONIDAE",0,"5.1992",13.8,1992,5,18
"TENEBRIONIDAE",1,"6.1992",18.5,1992,6,1
"TENEBRIONIDAE",1,"7.1992",19.1,1992,7,51
"TENEBRIONIDAE",0,"8.1992",17.7,1992,8,104
"TENEBRIONIDAE",0,"9.1992",13.7,1992,9,37
"TENEBRIONIDAE",0,"10.1992",7.1,1992,10,67
"TENEBRIONIDAE",0,"11.1992",4.6,1992,11,96
"TENEBRIONIDAE",0,"12.1992",2.9,1992,12,42
"TENEBRIONIDAE",0,"1.1993",2.1,1993,1,74
"TENEBRIONIDAE",0,"2.1993",1.6,1993,2,27
"TENEBRIONIDAE",0,"3.1993",3.4,1993,3,16
"TENEBRIONIDAE",0,"4.1993",8.3,1993,4,15
"TENEBRIONIDAE",0,"5.1993",14.2,1993,5,23
"TENEBRIONIDAE",0,"6.1993",15.2,1993,6,34
"TENEBRIONIDAE",6,"7.1993",15.8,1993,7,114
"TENEBRIONIDAE",0,"8.1993",15.2,1993,8,64
"TENEBRIONIDAE",0,"9.1993",11.7,1993,9,95
"TENEBRIONIDAE",0,"10.1993",8.1,1993,10,66
"TENEBRIONIDAE",0,"11.1993",1.9,1993,11,40
"TENEBRIONIDAE",0,"12.1993",2.9,1993,12,91
"TENEBRIONIDAE",0,"1.1994",2.9,1994,1,84
"TENEBRIONIDAE",0,"2.1994",-0.9,1994,2,46
"TENEBRIONIDAE",0,"3.1994",3.8,1994,3,79
"TENEBRIONIDAE",0,"4.1994",8.3,1994,4,41
"TENEBRIONIDAE",0,"5.1994",11.7,1994,5,30
"TENEBRIONIDAE",0,"6.1994",14.5,1994,6,61
"TENEBRIONIDAE",5,"7.1994",20.6,1994,7,4
"TENEBRIONIDAE",0,"8.1994",18.3,1994,8,84
"TENEBRIONIDAE",0,"9.1994",13.7,1994,9,143
"TENEBRIONIDAE",0,"10.1994",8.5,1994,10,48
"TENEBRIONIDAE",0,"11.1994",6,1994,11,49
"TENEBRIONIDAE",0,"12.1994",4.4,1994,12,95
"TENEBRIONIDAE",0,"1.1995",0.6,1995,1,84
"TENEBRIONIDAE",0,"2.1995",4,1995,2,68
"TENEBRIONIDAE",0,"3.1995",3.5,1995,3,37
"TENEBRIONIDAE",0,"4.1995",7,1995,4,53
"TENEBRIONIDAE",0,"5.1995",11.3,1995,5,53
"TENEBRIONIDAE",1,"6.1995",15.4,1995,6,53
"TENEBRIONIDAE",65,"7.1995",18.7,1995,7,40
"TENEBRIONIDAE",5,"8.1995",19.3,1995,8,24
"TENEBRIONIDAE",0,"9.1995",13.9,1995,9,89
"TENEBRIONIDAE",0,"10.1995",12.2,1995,10,40
"TENEBRIONIDAE",0,"11.1995",3,1995,11,42
"TENEBRIONIDAE",0,"12.1995",-1.4,1995,12,22
"TENEBRIONIDAE",0,"1.1996",-1.6,1996,1,7
"TENEBRIONIDAE",0,"2.1996",-2.7,1996,2,28
"TENEBRIONIDAE",0,"3.1996",0.3,1996,3,13
"TENEBRIONIDAE",0,"4.1996",7.6,1996,4,18
"TENEBRIONIDAE",0,"5.1996",9.8,1996,5,90
"TENEBRIONIDAE",0,"6.1996",15,1996,6,36
"TENEBRIONIDAE",45,"7.1996",15.9,1996,7,57
"TENEBRIONIDAE",3,"8.1996",18.7,1996,8,43
"TENEBRIONIDAE",0,"9.1996",12.3,1996,9,55
"TENEBRIONIDAE",0,"10.1996",10.3,1996,10,42
"TENEBRIONIDAE",0,"11.1996",4.9,1996,11,69
"TENEBRIONIDAE",0,"12.1996",-0.5,1996,12,28
"TENEBRIONIDAE",0,"1.1997",-1.2,1997,1,5
"TENEBRIONIDAE",0,"2.1997",3.2,1997,2,61
"TENEBRIONIDAE",0,"3.1997",4.1,1997,3,20
"TENEBRIONIDAE",0,"4.1997",6.3,1997,4,30
"TENEBRIONIDAE",0,"5.1997",10.8,1997,5,73
"TENEBRIONIDAE",0,"6.1997",16.2,1997,6,51
"TENEBRIONIDAE",89,"7.1997",18.7,1997,7,55
"TENEBRIONIDAE",8,"8.1997",20.6,1997,8,25
"TENEBRIONIDAE",0,"9.1997",14.8,1997,9,41
"TENEBRIONIDAE",0,"10.1997",8.4,1997,10,69
"TENEBRIONIDAE",0,"11.1997",3.9,1997,11,44
"TENEBRIONIDAE",0,"12.1997",2.7,1997,12,52
"TENEBRIONIDAE",0,"1.1998",2.9,1998,1,49
"TENEBRIONIDAE",0,"2.1998",5.1,1998,2,51
"TENEBRIONIDAE",0,"3.1998",3.7,1998,3,48
"TENEBRIONIDAE",0,"4.1998",7.7,1998,4,60
"TENEBRIONIDAE",0,"5.1998",13,1998,5,33
"TENEBRIONIDAE",0,"6.1998",15.4,1998,6,85
"TENEBRIONIDAE",29,"7.1998",15.9,1998,7,97
"TENEBRIONIDAE",3,"8.1998",15.7,1998,8,58
"TENEBRIONIDAE",0,"9.1998",14.3,1998,9,70
"TENEBRIONIDAE",0,"10.1998",9.3,1998,10,118
"TENEBRIONIDAE",0,"11.1998",1.5,1998,11,43
"TENEBRIONIDAE",0,"12.1998",1.2,1998,12,59
"TENEBRIONIDAE",0,"1.1999",2.2,1999,1,64
"TENEBRIONIDAE",0,"2.1999",1,1999,2,48
"TENEBRIONIDAE",0,"3.1999",4.1,1999,3,45
"TENEBRIONIDAE",0,"4.1999",8.4,1999,4,52
"TENEBRIONIDAE",0,"5.1999",11.6,1999,5,57
"TENEBRIONIDAE",1,"6.1999",15.7,1999,6,106
"TENEBRIONIDAE",48,"7.1999",19,1999,7,40
"TENEBRIONIDAE",2,"8.1999",17.7,1999,8,109
"TENEBRIONIDAE",2,"9.1999",16.8,1999,9,51
"TENEBRIONIDAE",0,"10.1999",9.8,1999,10,55
"TENEBRIONIDAE",0,"11.1999",5.3,1999,11,29
"TENEBRIONIDAE",0,"12.1999",2.8,1999,12,112
"TENEBRIONIDAE",0,"1.2000",2.6,2000,1,44
"TENEBRIONIDAE",0,"2.2000",3.9,2000,2,44
"TENEBRIONIDAE",0,"3.2000",4.2,2000,3,55
"TENEBRIONIDAE",0,"4.2000",9.5,2000,4,44
"TENEBRIONIDAE",0,"5.2000",13.9,2000,5,35
"TENEBRIONIDAE",1,"6.2000",15.5,2000,6,81
"TENEBRIONIDAE",45,"7.2000",16.4,2000,7,39
"TENEBRIONIDAE",2,"8.2000",16.6,2000,8,47
"TENEBRIONIDAE",0,"9.2000",13.7,2000,9,67
"TENEBRIONIDAE",0,"10.2000",12.1,2000,10,61
"TENEBRIONIDAE",0,"11.2000",7.1,2000,11,67
"TENEBRIONIDAE",0,"12.2000",4.3,2000,12,58
"TENEBRIONIDAE",0,"1.2001",1.8,2001,1,39
"TENEBRIONIDAE",0,"2.2001",1,2001,2,40
"TENEBRIONIDAE",0,"3.2001",1.9,2001,3,28
"TENEBRIONIDAE",0,"4.2001",6.6,2001,4,55
"TENEBRIONIDAE",0,"5.2001",12.8,2001,5,27
"TENEBRIONIDAE",1,"6.2001",14.6,2001,6,61
"TENEBRIONIDAE",297,"7.2001",19,2001,7,37
"TENEBRIONIDAE",2,"8.2001",18,2001,8,102
"TENEBRIONIDAE",0,"9.2001",13.3,2001,9,117
"TENEBRIONIDAE",0,"10.2001",12.4,2001,10,42
"TENEBRIONIDAE",0,"11.2001",4.9,2001,11,46
"TENEBRIONIDAE",0,"12.2001",0.9,2001,12,49
"TENEBRIONIDAE",0,"1.2002",2.7,2002,1,68
"TENEBRIONIDAE",0,"2.2002",4.7,2002,2,82
"TENEBRIONIDAE",0,"3.2002",4.9,2002,3,29
"TENEBRIONIDAE",0,"4.2002",7.8,2002,4,31
"TENEBRIONIDAE",0,"5.2002",13.7,2002,5,53
"TENEBRIONIDAE",18,"6.2002",17,2002,6,78
"TENEBRIONIDAE",178,"7.2002",18.5,2002,7,89
"TENEBRIONIDAE",1,"8.2002",20.3,2002,8,65
"TENEBRIONIDAE",2,"9.2002",15.6,2002,9,36
"TENEBRIONIDAE",0,"10.2002",7.9,2002,10,111
"TENEBRIONIDAE",0,"11.2002",3.9,2002,11,66
"TENEBRIONIDAE",0,"12.2002",-0.1,2002,12,26
"TENEBRIONIDAE",0,"1.2003",0.2,2003,1,42
"TENEBRIONIDAE",0,"2.2003",-1.2,2003,2,10
"TENEBRIONIDAE",0,"3.2003",3.4,2003,3,10
"TENEBRIONIDAE",0,"4.2003",7.4,2003,4,42
"TENEBRIONIDAE",0,"5.2003",13,2003,5,57
"TENEBRIONIDAE",62,"6.2003",17.3,2003,6,49
"TENEBRIONIDAE",123,"7.2003",19.2,2003,7,86
"TENEBRIONIDAE",4,"8.2003",18.9,2003,8,43
"TENEBRIONIDAE",2,"9.2003",14.9,2003,9,45
"TENEBRIONIDAE",0,"10.2003",7.3,2003,10,48
"TENEBRIONIDAE",0,"11.2003",6.1,2003,11,44
"TENEBRIONIDAE",0,"12.2003",4,2003,12,52
"TENEBRIONIDAE",0,"1.2004",-0.6,2004,1,61
"TENEBRIONIDAE",0,"2.2004",2.1,2004,2,36
"TENEBRIONIDAE",0,"3.2004",4.1,2004,3,35
"TENEBRIONIDAE",0,"4.2004",8.7,2004,4,31
"TENEBRIONIDAE",0,"5.2004",12.5,2004,5,30
"TENEBRIONIDAE",0,"6.2004",14.9,2004,6,68
"TENEBRIONIDAE",212,"7.2004",16.3,2004,7,113
"TENEBRIONIDAE",21,"8.2004",18.7,2004,8,85
"TENEBRIONIDAE",0,"9.2004",14.6,2004,9,49
"TENEBRIONIDAE",0,"10.2004",10.1,2004,10,79
"TENEBRIONIDAE",0,"11.2004",4.8,2004,11,48
"TENEBRIONIDAE",0,"12.2004",4,2004,12,53
"TENEBRIONIDAE",0,"1.2005",3.4,2005,1,45
"TENEBRIONIDAE",0,"2.2005",0.4,2005,2,45
"TENEBRIONIDAE",0,"3.2005",1.6,2005,3,36
"TENEBRIONIDAE",0,"4.2005",8.1,2005,4,14
"TENEBRIONIDAE",0,"5.2005",12.2,2005,5,46
"TENEBRIONIDAE",2,"6.2005",15.4,2005,6,45
"TENEBRIONIDAE",310,"7.2005",18.7,2005,7,82
"TENEBRIONIDAE",3,"8.2005",16.6,2005,8,61
"TENEBRIONIDAE",0,"9.2005",15.4,2005,9,27
"TENEBRIONIDAE",0,"10.2005",11.6,2005,10,50
"TENEBRIONIDAE",0,"11.2005",5.6,2005,11,40
"TENEBRIONIDAE",0,"12.2005",2.5,2005,12,57
"TENEBRIONIDAE",0,"1.2006",-1.4,2006,1,20
"TENEBRIONIDAE",0,"2.2006",0.4,2006,2,45
"TENEBRIONIDAE",0,"3.2006",0.2,2006,3,39
"TENEBRIONIDAE",0,"4.2006",6.9,2006,4,45
"TENEBRIONIDAE",0,"5.2006",12.3,2006,5,66
"TENEBRIONIDAE",2,"6.2006",16.7,2006,6,30
"TENEBRIONIDAE",226,"7.2006",21.2,2006,7,23
"TENEBRIONIDAE",0,"8.2006",18.2,2006,8,156
"TENEBRIONIDAE",1,"9.2006",16.8,2006,9,35
"TENEBRIONIDAE",0,"10.2006",12.9,2006,10,77
"TENEBRIONIDAE",0,"11.2006",7.5,2006,11,70
"TENEBRIONIDAE",0,"12.2006",6.9,2006,12,60
"TENEBRIONIDAE",0,"1.2007",5,2007,1,92
"TENEBRIONIDAE",0,"2.2007",2.3,2007,2,59
"TENEBRIONIDAE",0,"3.2007",6.3,2007,3,34
"TENEBRIONIDAE",0,"4.2007",9.6,2007,4,11
"TENEBRIONIDAE",0,"5.2007",13.2,2007,5,61
"TENEBRIONIDAE",1,"6.2007",17.4,2007,6,110
"TENEBRIONIDAE",13,"7.2007",17.2,2007,7,144
"TENEBRIONIDAE",1,"8.2007",17.8,2007,8,69
"TENEBRIONIDAE",0,"9.2007",13.7,2007,9,72
"TENEBRIONIDAE",0,"10.2007",9.4,2007,10,30
"TENEBRIONIDAE",0,"11.2007",4.7,2007,11,37
"TENEBRIONIDAE",0,"12.2007",3.8,2007,12,54
"TENEBRIONIDAE",0,"1.2008",3.9,2008,1,61
"TENEBRIONIDAE",0,"2.2008",4.9,2008,2,30
"TENEBRIONIDAE",0,"3.2008",4.3,2008,3,59
"TENEBRIONIDAE",0,"4.2008",8.1,2008,4,47
"TENEBRIONIDAE",0,"5.2008",13.9,2008,5,23
"TENEBRIONIDAE",1,"6.2008",16.6,2008,6,33
"TENEBRIONIDAE",15,"7.2008",18.7,2008,7,56
"TENEBRIONIDAE",0,"8.2008",17.8,2008,8,128
"TENEBRIONIDAE",0,"9.2008",14,2008,9,52
"TENEBRIONIDAE",0,"10.2008",10.4,2008,10,76
"TENEBRIONIDAE",0,"11.2008",5.7,2008,11,56
"TENEBRIONIDAE",0,"12.2008",3,2008,12,50
"TENEBRIONIDAE",0,"1.2009",0.9,2009,1,28
"TENEBRIONIDAE",0,"2.2009",0.8,2009,2,38
"TENEBRIONIDAE",0,"3.2009",4,2009,3,39
"TENEBRIONIDAE",0,"4.2009",9.8,2009,4,6
"TENEBRIONIDAE",0,"5.2009",12.8,2009,5,58
"TENEBRIONIDAE",8,"6.2009",15,2009,6,68
"TENEBRIONIDAE",163,"7.2009",18.8,2009,7,83
"TENEBRIONIDAE",5,"8.2009",18.5,2009,8,45
"TENEBRIONIDAE",0,"9.2009",15.3,2009,9,41
"TENEBRIONIDAE",0,"10.2009",8.4,2009,10,70
"TENEBRIONIDAE",0,"11.2009",6.6,2009,11,89
"TENEBRIONIDAE",0,"12.2009",1,2009,12,49
